Description,Quantity,InvoiceDate,UnitPrice,CustomerID,Country
WHITE HANGING HEART T-LIGHT HOLDER,6,12/1/2010 8:26,2.55,17850,United Kingdom
WHITE METAL LANTERN,6,12/1/2010 8:26,3.39,17850,United Kingdom
CREAM CUPID HEARTS COAT HANGER,8,12/1/2010 8:26,2.75,17850,United Kingdom
KNITTED UNION FLAG HOT WATER BOTTLE,6,12/1/2010 8:26,3.39,17850,United Kingdom
RED WOOLLY HOTTIE WHITE HEART.,6,12/1/2010 8:26,3.39,17850,United Kingdom
SET 7 BABUSHKA NESTING BOXES,2,12/1/2010 8:26,7.65,17850,United Kingdom
GLASS STAR FROSTED T-LIGHT HOLDER,6,12/1/2010 8:26,4.25,17850,United Kingdom
HAND WARMER UNION JACK,6,12/1/2010 8:28,1.85,17850,United Kingdom
HAND WARMER RED POLKA DOT,6,12/1/2010 8:28,1.85,17850,United Kingdom
ASSORTED COLOUR BIRD ORNAMENT,32,12/1/2010 8:34,1.69,13047,United Kingdom
POPPY'S PLAYHOUSE BEDROOM ,6,12/1/2010 8:34,2.1,13047,United Kingdom
POPPY'S PLAYHOUSE KITCHEN,6,12/1/2010 8:34,2.1,13047,United Kingdom
FELTCRAFT PRINCESS CHARLOTTE DOLL,8,12/1/2010 8:34,3.75,13047,United Kingdom
IVORY KNITTED MUG COSY ,6,12/1/2010 8:34,1.65,13047,United Kingdom
BOX OF 6 ASSORTED COLOUR TEASPOONS,6,12/1/2010 8:34,4.25,13047,United Kingdom
BOX OF VINTAGE JIGSAW BLOCKS ,3,12/1/2010 8:34,4.95,13047,United Kingdom
BOX OF VINTAGE ALPHABET BLOCKS,2,12/1/2010 8:34,9.95,13047,United Kingdom
HOME BUILDING BLOCK WORD,3,12/1/2010 8:34,5.95,13047,United Kingdom
LOVE BUILDING BLOCK WORD,3,12/1/2010 8:34,5.95,13047,United Kingdom
RECIPE BOX WITH METAL HEART,4,12/1/2010 8:34,7.95,13047,United Kingdom
DOORMAT NEW ENGLAND,4,12/1/2010 8:34,7.95,13047,United Kingdom
JAM MAKING SET WITH JARS,6,12/1/2010 8:34,4.25,13047,United Kingdom
RED COAT RACK PARIS FASHION,3,12/1/2010 8:34,4.95,13047,United Kingdom
YELLOW COAT RACK PARIS FASHION,3,12/1/2010 8:34,4.95,13047,United Kingdom
BLUE COAT RACK PARIS FASHION,3,12/1/2010 8:34,4.95,13047,United Kingdom
BATH BUILDING BLOCK WORD,3,12/1/2010 8:35,5.95,13047,United Kingdom
ALARM CLOCK BAKELIKE PINK,24,12/1/2010 8:45,3.75,12583,France
ALARM CLOCK BAKELIKE RED ,24,12/1/2010 8:45,3.75,12583,France
ALARM CLOCK BAKELIKE GREEN,12,12/1/2010 8:45,3.75,12583,France
PANDA AND BUNNIES STICKER SHEET,12,12/1/2010 8:45,0.85,12583,France
STARS GIFT TAPE ,24,12/1/2010 8:45,0.65,12583,France
INFLATABLE POLITICAL GLOBE ,48,12/1/2010 8:45,0.85,12583,France
VINTAGE HEADS AND TAILS CARD GAME ,24,12/1/2010 8:45,1.25,12583,France
SET/2 RED RETROSPOT TEA TOWELS ,18,12/1/2010 8:45,2.95,12583,France
ROUND SNACK BOXES SET OF4 WOODLAND ,24,12/1/2010 8:45,2.95,12583,France
SPACEBOY LUNCH BOX ,24,12/1/2010 8:45,1.95,12583,France
LUNCH BOX I LOVE LONDON,24,12/1/2010 8:45,1.95,12583,France
CIRCUS PARADE LUNCH BOX ,24,12/1/2010 8:45,1.95,12583,France
CHARLOTTE BAG DOLLY GIRL DESIGN,20,12/1/2010 8:45,0.85,12583,France
RED TOADSTOOL LED NIGHT LIGHT,24,12/1/2010 8:45,1.65,12583,France
 SET 2 TEA TOWELS I LOVE LONDON ,24,12/1/2010 8:45,2.95,12583,France
VINTAGE SEASIDE JIGSAW PUZZLES,12,12/1/2010 8:45,3.75,12583,France
MINI JIGSAW CIRCUS PARADE ,24,12/1/2010 8:45,0.42,12583,France
MINI JIGSAW SPACEBOY,24,12/1/2010 8:45,0.42,12583,France
MINI PAINT SET VINTAGE ,36,12/1/2010 8:45,0.65,12583,France
POSTAGE,3,12/1/2010 8:45,18,12583,France
PAPER CHAIN KIT 50'S CHRISTMAS ,80,12/1/2010 9:00,2.55,13748,United Kingdom
HAND WARMER RED POLKA DOT,6,12/1/2010 9:01,1.85,17850,United Kingdom
HAND WARMER UNION JACK,6,12/1/2010 9:01,1.85,17850,United Kingdom
WHITE HANGING HEART T-LIGHT HOLDER,6,12/1/2010 9:02,2.55,17850,United Kingdom
WHITE METAL LANTERN,6,12/1/2010 9:02,3.39,17850,United Kingdom
CREAM CUPID HEARTS COAT HANGER,8,12/1/2010 9:02,2.75,17850,United Kingdom
EDWARDIAN PARASOL RED,6,12/1/2010 9:02,4.95,17850,United Kingdom
RETRO COFFEE MUGS ASSORTED,6,12/1/2010 9:02,1.06,17850,United Kingdom
SAVE THE PLANET MUG,6,12/1/2010 9:02,1.06,17850,United Kingdom
VINTAGE BILLBOARD DRINK ME MUG,6,12/1/2010 9:02,1.06,17850,United Kingdom
VINTAGE BILLBOARD LOVE/HATE MUG,6,12/1/2010 9:02,1.06,17850,United Kingdom
WOOD 2 DRAWER CABINET WHITE FINISH,2,12/1/2010 9:02,4.95,17850,United Kingdom
WOOD S/3 CABINET ANT WHITE FINISH,4,12/1/2010 9:02,6.95,17850,United Kingdom
WOODEN PICTURE FRAME WHITE FINISH,6,12/1/2010 9:02,2.1,17850,United Kingdom
WOODEN FRAME ANTIQUE WHITE ,6,12/1/2010 9:02,2.55,17850,United Kingdom
KNITTED UNION FLAG HOT WATER BOTTLE,6,12/1/2010 9:02,3.39,17850,United Kingdom
RED WOOLLY HOTTIE WHITE HEART.,6,12/1/2010 9:02,3.39,17850,United Kingdom
SET 7 BABUSHKA NESTING BOXES,2,12/1/2010 9:02,7.65,17850,United Kingdom
GLASS STAR FROSTED T-LIGHT HOLDER,6,12/1/2010 9:02,4.25,17850,United Kingdom
VICTORIAN SEWING BOX LARGE,32,12/1/2010 9:09,10.95,15100,United Kingdom
WHITE HANGING HEART T-LIGHT HOLDER,6,12/1/2010 9:32,2.55,17850,United Kingdom
WHITE METAL LANTERN,6,12/1/2010 9:32,3.39,17850,United Kingdom
CREAM CUPID HEARTS COAT HANGER,8,12/1/2010 9:32,2.75,17850,United Kingdom
EDWARDIAN PARASOL RED,6,12/1/2010 9:32,4.95,17850,United Kingdom
RETRO COFFEE MUGS ASSORTED,6,12/1/2010 9:32,1.06,17850,United Kingdom
SAVE THE PLANET MUG,6,12/1/2010 9:32,1.06,17850,United Kingdom
VINTAGE BILLBOARD DRINK ME MUG,6,12/1/2010 9:32,1.06,17850,United Kingdom
VINTAGE BILLBOARD LOVE/HATE MUG,6,12/1/2010 9:32,1.06,17850,United Kingdom
WOOD 2 DRAWER CABINET WHITE FINISH,2,12/1/2010 9:32,4.95,17850,United Kingdom
WOOD S/3 CABINET ANT WHITE FINISH,4,12/1/2010 9:32,6.95,17850,United Kingdom
WOODEN PICTURE FRAME WHITE FINISH,6,12/1/2010 9:32,2.1,17850,United Kingdom
WOODEN FRAME ANTIQUE WHITE ,6,12/1/2010 9:32,2.55,17850,United Kingdom
KNITTED UNION FLAG HOT WATER BOTTLE,6,12/1/2010 9:32,3.39,17850,United Kingdom
RED WOOLLY HOTTIE WHITE HEART.,6,12/1/2010 9:32,3.39,17850,United Kingdom
SET 7 BABUSHKA NESTING BOXES,2,12/1/2010 9:32,7.65,17850,United Kingdom
GLASS STAR FROSTED T-LIGHT HOLDER,6,12/1/2010 9:32,4.25,17850,United Kingdom
HOT WATER BOTTLE TEA AND SYMPATHY,48,12/1/2010 9:32,3.45,15291,United Kingdom
RED HANGING HEART T-LIGHT HOLDER,64,12/1/2010 9:32,2.55,15291,United Kingdom
HAND WARMER RED POLKA DOT,6,12/1/2010 9:34,1.85,17850,United Kingdom
HAND WARMER UNION JACK,6,12/1/2010 9:34,1.85,17850,United Kingdom
JUMBO BAG PINK POLKADOT,10,12/1/2010 9:37,1.95,14688,United Kingdom
JUMBO  BAG BAROQUE BLACK WHITE,10,12/1/2010 9:37,1.95,14688,United Kingdom
JUMBO BAG CHARLIE AND LOLA TOYS,10,12/1/2010 9:37,2.95,14688,United Kingdom
STRAWBERRY CHARLOTTE BAG,10,12/1/2010 9:37,0.85,14688,United Kingdom
RED 3 PIECE RETROSPOT CUTLERY SET,12,12/1/2010 9:37,3.75,14688,United Kingdom
BLUE 3 PIECE POLKADOT CUTLERY SET,6,12/1/2010 9:37,3.75,14688,United Kingdom
SET/6 RED SPOTTY PAPER PLATES,12,12/1/2010 9:37,0.85,14688,United Kingdom
LUNCH BAG RED RETROSPOT,10,12/1/2010 9:37,1.65,14688,United Kingdom
STRAWBERRY LUNCH BOX WITH CUTLERY,6,12/1/2010 9:37,2.55,14688,United Kingdom
LUNCH BOX WITH CUTLERY RETROSPOT ,6,12/1/2010 9:37,2.55,14688,United Kingdom
PACK OF 72 RETROSPOT CAKE CASES,120,12/1/2010 9:37,0.42,14688,United Kingdom
PACK OF 60 DINOSAUR CAKE CASES,24,12/1/2010 9:37,0.55,14688,United Kingdom
PACK OF 60 PINK PAISLEY CAKE CASES,24,12/1/2010 9:37,0.55,14688,United Kingdom
60 TEATIME FAIRY CAKE CASES,24,12/1/2010 9:37,0.55,14688,United Kingdom
TOMATO CHARLIE+LOLA COASTER SET,6,12/1/2010 9:37,2.95,14688,United Kingdom
CHARLIE & LOLA WASTEPAPER BIN FLORA,48,12/1/2010 9:37,1.25,14688,United Kingdom
RED CHARLIE+LOLA PERSONAL DOORSIGN,96,12/1/2010 9:37,0.38,14688,United Kingdom
JUMBO STORAGE BAG SUKI,10,12/1/2010 9:37,1.95,14688,United Kingdom
JUMBO BAG PINK VINTAGE PAISLEY,10,12/1/2010 9:37,1.95,14688,United Kingdom
JAM MAKING SET PRINTED,24,12/1/2010 9:41,1.45,17809,United Kingdom
RETROSPOT TEA SET CERAMIC 11 PC ,23,12/1/2010 9:41,4.25,15311,United Kingdom
GIRLY PINK TOOL SET,5,12/1/2010 9:41,4.95,15311,United Kingdom
JUMBO SHOPPER VINTAGE RED PAISLEY,10,12/1/2010 9:41,1.95,15311,United Kingdom
"AIRLINE LOUNGE,METAL SIGN",2,12/1/2010 9:41,2.1,15311,United Kingdom
WHITE SPOT RED CERAMIC DRAWER KNOB,6,12/1/2010 9:41,1.25,15311,United Kingdom
RED DRAWER KNOB ACRYLIC EDWARDIAN,24,12/1/2010 9:41,1.25,15311,United Kingdom
CLEAR DRAWER KNOB ACRYLIC EDWARDIAN,24,12/1/2010 9:41,1.25,15311,United Kingdom
PHOTO CLIP LINE,1,12/1/2010 9:41,1.25,15311,United Kingdom
FELT EGG COSY CHICKEN,1,12/1/2010 9:41,0.85,15311,United Kingdom
PIGGY BANK RETROSPOT ,1,12/1/2010 9:41,2.55,15311,United Kingdom
SKULL SHOULDER BAG,10,12/1/2010 9:41,1.65,15311,United Kingdom
YOU'RE CONFUSING ME METAL SIGN ,3,12/1/2010 9:41,1.69,15311,United Kingdom
COOK WITH WINE METAL SIGN ,1,12/1/2010 9:41,1.95,15311,United Kingdom
GIN + TONIC DIET METAL SIGN,2,12/1/2010 9:41,2.1,15311,United Kingdom
YELLOW BREAKFAST CUP AND SAUCER,1,12/1/2010 9:41,2.95,15311,United Kingdom
PINK BREAKFAST CUP AND SAUCER ,1,12/1/2010 9:41,2.95,15311,United Kingdom
PAPER CHAIN KIT 50'S CHRISTMAS ,4,12/1/2010 9:41,2.95,15311,United Kingdom
PAPER CHAIN KIT RETROSPOT,1,12/1/2010 9:41,2.95,15311,United Kingdom
SMALL HEART FLOWERS HOOK ,6,12/1/2010 9:41,0.85,15311,United Kingdom
PHOTO CLIP LINE,3,12/1/2010 9:41,1.25,15311,United Kingdom
TEA TIME DES TEA COSY,2,12/1/2010 9:41,2.55,15311,United Kingdom
FELT EGG COSY WHITE RABBIT ,1,12/1/2010 9:41,0.85,15311,United Kingdom
ZINC WILLIE WINKIE  CANDLE STICK,1,12/1/2010 9:41,0.85,15311,United Kingdom
CERAMIC CHERRY CAKE MONEY BANK,1,12/1/2010 9:41,1.45,15311,United Kingdom
RETROSPOT LARGE MILK JUG,1,12/1/2010 9:41,4.95,15311,United Kingdom
SET OF 6 FUNKY BEAKERS,2,12/1/2010 9:41,2.95,15311,United Kingdom
EDWARDIAN PARASOL BLACK,2,12/1/2010 9:41,5.95,15311,United Kingdom
EDWARDIAN PARASOL NATURAL,2,12/1/2010 9:41,5.95,15311,United Kingdom
CERAMIC STRAWBERRY CAKE MONEY BANK,4,12/1/2010 9:41,1.45,15311,United Kingdom
BLUE OWL SOFT TOY,1,12/1/2010 9:41,2.95,15311,United Kingdom
BALLOON ART MAKE YOUR OWN FLOWERS,1,12/1/2010 9:41,1.95,15311,United Kingdom
RED TOADSTOOL LED NIGHT LIGHT,2,12/1/2010 9:41,1.65,15311,United Kingdom
GLASS CLOCHE SMALL,3,12/1/2010 9:41,3.95,15311,United Kingdom
GUMBALL MONOCHROME COAT RACK,36,12/1/2010 9:41,1.06,15311,United Kingdom
DOORMAT FANCY FONT HOME SWEET HOME,10,12/1/2010 9:41,6.75,15311,United Kingdom
Discount,-1,12/1/2010 9:41,27.5,14527,United Kingdom
INFLATABLE POLITICAL GLOBE ,12,12/1/2010 9:45,0.85,16098,United Kingdom
VINTAGE SNAKES & LADDERS,8,12/1/2010 9:45,3.75,16098,United Kingdom
CHOCOLATE CALCULATOR,12,12/1/2010 9:45,1.65,16098,United Kingdom
JUMBO SHOPPER VINTAGE RED PAISLEY,10,12/1/2010 9:45,1.95,16098,United Kingdom
RECYCLING BAG RETROSPOT ,10,12/1/2010 9:45,2.1,16098,United Kingdom
TOY TIDY PINK POLKADOT,50,12/1/2010 9:45,1.85,16098,United Kingdom
ANTIQUE GLASS DRESSING TABLE POT,8,12/1/2010 9:45,2.95,16098,United Kingdom
ALARM CLOCK BAKELIKE GREEN,4,12/1/2010 9:45,3.75,16098,United Kingdom
IVORY GIANT GARDEN THERMOMETER,12,12/1/2010 9:45,5.95,16098,United Kingdom
3 TIER CAKE TIN GREEN AND CREAM,2,12/1/2010 9:45,14.95,16098,United Kingdom
3 TIER CAKE TIN RED AND CREAM,2,12/1/2010 9:45,14.95,16098,United Kingdom
SET 3 WICKER OVAL BASKETS W LIDS,4,12/1/2010 9:45,16.95,16098,United Kingdom
SET OF 3 COLOURED  FLYING DUCKS,-1,12/1/2010 9:49,4.65,15311,United Kingdom
WOOD BLACK BOARD ANT WHITE FINISH,3,12/1/2010 9:53,6.45,18074,United Kingdom
COLOUR GLASS T-LIGHT HOLDER HANGING,48,12/1/2010 9:53,0.65,18074,United Kingdom
HANGING METAL HEART LANTERN,12,12/1/2010 9:53,1.65,18074,United Kingdom
HANGING MEDINA LANTERN SMALL,6,12/1/2010 9:53,2.95,18074,United Kingdom
NATURAL SLATE HEART CHALKBOARD ,12,12/1/2010 9:53,2.95,18074,United Kingdom
HEART OF WICKER SMALL,40,12/1/2010 9:53,1.45,18074,United Kingdom
HEART OF WICKER LARGE,40,12/1/2010 9:53,2.55,18074,United Kingdom
WHITE LOVEBIRD LANTERN,6,12/1/2010 9:53,2.95,18074,United Kingdom
CLASSIC METAL BIRDCAGE PLANT HOLDER,2,12/1/2010 9:53,12.75,18074,United Kingdom
CREAM HEART CARD HOLDER,4,12/1/2010 9:53,3.95,18074,United Kingdom
ENAMEL FLOWER JUG CREAM,3,12/1/2010 9:53,5.95,18074,United Kingdom
ENAMEL FIRE BUCKET CREAM,6,12/1/2010 9:53,6.95,18074,United Kingdom
ENAMEL BREAD BIN CREAM,8,12/1/2010 9:53,10.95,18074,United Kingdom
SET 3 WICKER OVAL BASKETS W LIDS,1,12/1/2010 9:56,19.95,17420,United Kingdom
JAM MAKING SET PRINTED,12,12/1/2010 9:56,1.45,17420,United Kingdom
JAM MAKING SET WITH JARS,6,12/1/2010 9:56,4.25,17420,United Kingdom
JUMBO BAG DOLLY GIRL DESIGN,10,12/1/2010 9:56,1.95,17420,United Kingdom
TRADITIONAL CHRISTMAS RIBBONS,12,12/1/2010 9:56,1.25,17420,United Kingdom
ORGANISER WOOD ANTIQUE WHITE ,2,12/1/2010 9:56,8.5,17420,United Kingdom
LUNCH BAG DOLLY GIRL DESIGN,10,12/1/2010 9:56,1.65,17420,United Kingdom
WHITE WIRE EGG HOLDER,36,12/1/2010 9:57,4.95,16029,United Kingdom
JUMBO  BAG BAROQUE BLACK WHITE,100,12/1/2010 9:57,1.65,16029,United Kingdom
JUMBO BAG RED RETROSPOT,100,12/1/2010 9:57,1.65,16029,United Kingdom
CHILLI LIGHTS,192,12/1/2010 9:58,3.82,16029,United Kingdom
LIGHT GARLAND BUTTERFILES PINK,192,12/1/2010 9:58,3.37,16029,United Kingdom
WOODEN OWLS LIGHT GARLAND ,192,12/1/2010 9:58,3.37,16029,United Kingdom
FAIRY TALE COTTAGE NIGHTLIGHT,432,12/1/2010 9:58,1.45,16029,United Kingdom
RED TOADSTOOL LED NIGHT LIGHT,432,12/1/2010 9:58,1.25,16029,United Kingdom
HOME BUILDING BLOCK WORD,3,12/1/2010 9:59,5.95,16250,United Kingdom
LOVE BUILDING BLOCK WORD,3,12/1/2010 9:59,5.95,16250,United Kingdom
DOORMAT FANCY FONT HOME SWEET HOME,2,12/1/2010 9:59,7.95,16250,United Kingdom
HOME SMALL WOOD LETTERS,3,12/1/2010 9:59,4.95,16250,United Kingdom
GINGHAM HEART  DOORSTOP RED,3,12/1/2010 9:59,4.25,16250,United Kingdom
FIVE HEART HANGING DECORATION,6,12/1/2010 9:59,2.95,16250,United Kingdom
HANGING METAL HEART LANTERN,12,12/1/2010 9:59,1.65,16250,United Kingdom
ASSORTED BOTTLE TOP  MAGNETS ,12,12/1/2010 9:59,0.42,16250,United Kingdom
FRIDGE MAGNETS US DINER ASSORTED,12,12/1/2010 9:59,0.85,16250,United Kingdom
HOMEMADE JAM SCENTED CANDLES,12,12/1/2010 9:59,1.45,16250,United Kingdom
FRIDGE MAGNETS LES ENFANTS ASSORTED,12,12/1/2010 9:59,0.85,16250,United Kingdom
ROSE CARAVAN DOORSTOP,4,12/1/2010 9:59,6.75,16250,United Kingdom
HEART OF WICKER SMALL,12,12/1/2010 9:59,1.65,16250,United Kingdom
5 HOOK HANGER MAGIC TOADSTOOL,12,12/1/2010 9:59,1.65,16250,United Kingdom
CHRISTMAS LIGHTS 10 REINDEER,6,12/1/2010 10:03,8.5,12431,Australia
VINTAGE UNION JACK CUSHION COVER,8,12/1/2010 10:03,4.95,12431,Australia
VINTAGE HEADS AND TAILS CARD GAME ,12,12/1/2010 10:03,1.25,12431,Australia
SET OF 3 COLOURED  FLYING DUCKS,6,12/1/2010 10:03,5.45,12431,Australia
SET OF 3 GOLD FLYING DUCKS,4,12/1/2010 10:03,6.35,12431,Australia
RED RETROSPOT UMBRELLA,6,12/1/2010 10:03,5.95,12431,Australia
BLACK/BLUE POLKADOT UMBRELLA,3,12/1/2010 10:03,5.95,12431,Australia
RED DINER WALL CLOCK,2,12/1/2010 10:03,8.5,12431,Australia
ALARM CLOCK BAKELIKE GREEN,4,12/1/2010 10:03,3.75,12431,Australia
ALARM CLOCK BAKELIKE RED ,4,12/1/2010 10:03,3.75,12431,Australia
BLUE DINER WALL CLOCK,2,12/1/2010 10:03,8.5,12431,Australia
IVORY DINER WALL CLOCK,2,12/1/2010 10:03,8.5,12431,Australia
LARGE HEART MEASURING SPOONS,24,12/1/2010 10:03,1.65,12431,Australia
SMALL HEART MEASURING SPOONS,24,12/1/2010 10:03,0.85,12431,Australia
CHRISTMAS LIGHTS 10 REINDEER,2,12/1/2010 10:19,8.5,17511,United Kingdom
JAM MAKING SET WITH JARS,12,12/1/2010 10:19,3.75,17511,United Kingdom
JAM MAKING SET PRINTED,12,12/1/2010 10:19,1.45,17511,United Kingdom
JAM JAR WITH PINK LID,48,12/1/2010 10:19,0.72,17511,United Kingdom
JAM JAR WITH GREEN LID,48,12/1/2010 10:19,0.72,17511,United Kingdom
ROSE COTTAGE KEEPSAKE BOX ,8,12/1/2010 10:19,8.5,17511,United Kingdom
HANGING HEART ZINC T-LIGHT HOLDER,144,12/1/2010 10:19,0.64,17511,United Kingdom
PAPER CHAIN KIT VINTAGE CHRISTMAS,40,12/1/2010 10:19,2.55,17511,United Kingdom
DISCO BALL CHRISTMAS DECORATION,288,12/1/2010 10:19,0.1,17511,United Kingdom
WHITE HANGING HEART T-LIGHT HOLDER,64,12/1/2010 10:19,2.55,17511,United Kingdom
SMALL POPCORN HOLDER,100,12/1/2010 10:19,0.72,17511,United Kingdom
LARGE POPCORN HOLDER ,50,12/1/2010 10:19,1.45,17511,United Kingdom
RETROSPOT LARGE MILK JUG,12,12/1/2010 10:19,4.25,17511,United Kingdom
SET/20 RED RETROSPOT PAPER NAPKINS ,96,12/1/2010 10:19,0.64,17511,United Kingdom
SET/6 RED SPOTTY PAPER PLATES,96,12/1/2010 10:19,0.64,17511,United Kingdom
SET/6 RED SPOTTY PAPER CUPS,48,12/1/2010 10:19,0.65,17511,United Kingdom
POLKADOT RAIN HAT ,144,12/1/2010 10:19,0.32,17511,United Kingdom
DELUXE SEWING KIT ,40,12/1/2010 10:19,4.95,17511,United Kingdom
RETROSPOT HEART HOT WATER BOTTLE,24,12/1/2010 10:19,4.25,17511,United Kingdom
KNITTED UNION FLAG HOT WATER BOTTLE,24,12/1/2010 10:19,3.39,17511,United Kingdom
ENGLISH ROSE HOT WATER BOTTLE,24,12/1/2010 10:19,3.75,17511,United Kingdom
PHOTO CUBE,48,12/1/2010 10:19,1.48,17511,United Kingdom
HOMEMADE JAM SCENTED CANDLES,96,12/1/2010 10:19,1.25,17511,United Kingdom
JUMBO BAG RED RETROSPOT,100,12/1/2010 10:19,1.65,17511,United Kingdom
PLASTERS IN TIN CIRCUS PARADE ,-12,12/1/2010 10:24,1.65,17548,United Kingdom
PACK OF 12 PINK PAISLEY TISSUES ,-24,12/1/2010 10:24,0.29,17548,United Kingdom
PACK OF 12 BLUE PAISLEY TISSUES ,-24,12/1/2010 10:24,0.29,17548,United Kingdom
PACK OF 12 RED RETROSPOT TISSUES ,-24,12/1/2010 10:24,0.29,17548,United Kingdom
CHICK GREY HOT WATER BOTTLE,-12,12/1/2010 10:24,3.45,17548,United Kingdom
PLASTERS IN TIN VINTAGE PAISLEY ,-12,12/1/2010 10:24,1.65,17548,United Kingdom
PLASTERS IN TIN SKULLS,-24,12/1/2010 10:24,1.65,17548,United Kingdom
3 STRIPEY MICE FELTCRAFT,6,12/1/2010 10:29,1.95,13705,United Kingdom
SET OF 6 SOLDIER SKITTLES,4,12/1/2010 10:29,3.75,13705,United Kingdom
TRADITIONAL WOODEN SKIPPING ROPE,12,12/1/2010 10:29,1.25,13705,United Kingdom
WOODEN BOX OF DOMINOES,12,12/1/2010 10:29,1.25,13705,United Kingdom
RUSTIC  SEVENTEEN DRAWER SIDEBOARD,1,12/1/2010 10:29,165,13705,United Kingdom
PARTY CONES CARNIVAL ASSORTED,12,12/1/2010 10:29,1.25,13705,United Kingdom
PARTY CONES CANDY ASSORTED,12,12/1/2010 10:29,1.25,13705,United Kingdom
PICNIC BASKET WICKER SMALL,4,12/1/2010 10:29,5.95,13705,United Kingdom
ASSORTED COLOUR BIRD ORNAMENT,16,12/1/2010 10:29,1.69,13705,United Kingdom
STAR DECORATION PAINTED ZINC ,24,12/1/2010 10:29,0.65,13705,United Kingdom
RETROSPOT LAMP,8,12/1/2010 10:37,9.95,13747,United Kingdom
"FANCY FONT BIRTHDAY CARD, ",24,12/1/2010 10:39,0.42,13408,United Kingdom
HAND WARMER UNION JACK,96,12/1/2010 10:39,1.85,13408,United Kingdom
HAND WARMER SCOTTY DOG DESIGN,96,12/1/2010 10:39,1.85,13408,United Kingdom
HAND WARMER OWL DESIGN,96,12/1/2010 10:39,1.85,13408,United Kingdom
HAND WARMER RED RETROSPOT,96,12/1/2010 10:39,1.85,13408,United Kingdom
RETROSPOT HEART HOT WATER BOTTLE,12,12/1/2010 10:39,4.95,13408,United Kingdom
DOG BOWL CHASING BALL DESIGN,12,12/1/2010 10:39,3.75,13408,United Kingdom
CLOTHES PEGS RETROSPOT PACK 24 ,48,12/1/2010 10:39,1.25,13408,United Kingdom
HAND OVER THE CHOCOLATE   SIGN ,12,12/1/2010 10:39,2.1,13408,United Kingdom
WHITE HANGING HEART T-LIGHT HOLDER,32,12/1/2010 10:39,2.55,13408,United Kingdom
TRAVEL SEWING KIT,20,12/1/2010 10:39,1.65,13408,United Kingdom
BLACK HEART CARD HOLDER,8,12/1/2010 10:47,3.95,13767,United Kingdom
ASSORTED COLOUR BIRD ORNAMENT,32,12/1/2010 10:47,1.69,13767,United Kingdom
PACK OF 60 PINK PAISLEY CAKE CASES,24,12/1/2010 10:47,0.55,13767,United Kingdom
60 TEATIME FAIRY CAKE CASES,24,12/1/2010 10:47,0.55,13767,United Kingdom
PACK OF 72 RETROSPOT CAKE CASES,24,12/1/2010 10:47,0.55,13767,United Kingdom
CHICK GREY HOT WATER BOTTLE,8,12/1/2010 10:47,3.45,13767,United Kingdom
SMALL GLASS HEART TRINKET POT,8,12/1/2010 10:47,2.1,13767,United Kingdom
ALARM CLOCK BAKELIKE IVORY,4,12/1/2010 10:47,3.75,13767,United Kingdom
ALARM CLOCK BAKELIKE RED ,8,12/1/2010 10:47,3.75,13767,United Kingdom
ALARM CLOCK BAKELIKE ORANGE,8,12/1/2010 10:47,3.75,13767,United Kingdom
ALARM CLOCK BAKELIKE GREEN,8,12/1/2010 10:47,3.75,13767,United Kingdom
HOT WATER BOTTLE TEA AND SYMPATHY,8,12/1/2010 10:47,3.95,13767,United Kingdom
HAND WARMER BIRD DESIGN,48,12/1/2010 10:47,2.1,13767,United Kingdom
HAND WARMER SCOTTY DOG DESIGN,48,12/1/2010 10:47,2.1,13767,United Kingdom
WHITE HANGING HEART T-LIGHT HOLDER,6,12/1/2010 10:51,2.55,17850,United Kingdom
WHITE METAL LANTERN,6,12/1/2010 10:51,3.39,17850,United Kingdom
CREAM CUPID HEARTS COAT HANGER,8,12/1/2010 10:51,2.75,17850,United Kingdom
EDWARDIAN PARASOL BLACK,6,12/1/2010 10:51,4.95,17850,United Kingdom
EDWARDIAN PARASOL RED,6,12/1/2010 10:51,4.95,17850,United Kingdom
RETRO COFFEE MUGS ASSORTED,6,12/1/2010 10:51,1.06,17850,United Kingdom
SAVE THE PLANET MUG,6,12/1/2010 10:51,1.06,17850,United Kingdom
VINTAGE BILLBOARD DRINK ME MUG,6,12/1/2010 10:51,1.06,17850,United Kingdom
VINTAGE BILLBOARD LOVE/HATE MUG,6,12/1/2010 10:51,1.06,17850,United Kingdom
WOOD 2 DRAWER CABINET WHITE FINISH,2,12/1/2010 10:51,4.95,17850,United Kingdom
WOOD S/3 CABINET ANT WHITE FINISH,4,12/1/2010 10:51,6.95,17850,United Kingdom
WOODEN PICTURE FRAME WHITE FINISH,6,12/1/2010 10:51,2.1,17850,United Kingdom
WOODEN FRAME ANTIQUE WHITE ,12,12/1/2010 10:51,2.55,17850,United Kingdom
KNITTED UNION FLAG HOT WATER BOTTLE,6,12/1/2010 10:51,3.39,17850,United Kingdom
RED WOOLLY HOTTIE WHITE HEART.,6,12/1/2010 10:51,3.39,17850,United Kingdom
SET 7 BABUSHKA NESTING BOXES,2,12/1/2010 10:51,7.65,17850,United Kingdom
IVORY EMBROIDERED QUILT ,2,12/1/2010 10:51,35.75,17850,United Kingdom
GLASS STAR FROSTED T-LIGHT HOLDER,6,12/1/2010 10:51,4.25,17850,United Kingdom
SET OF 3 BLACK FLYING DUCKS,12,12/1/2010 10:51,4.65,17924,United Kingdom
SET OF 3 COLOURED  FLYING DUCKS,48,12/1/2010 10:51,4.65,17924,United Kingdom
PACK OF 12 RED RETROSPOT TISSUES ,24,12/1/2010 10:52,0.29,13448,United Kingdom
RED RETROSPOT MUG,6,12/1/2010 10:52,2.95,13448,United Kingdom
BABUSHKA LIGHTS STRING OF 10,4,12/1/2010 10:52,6.75,13448,United Kingdom
PIGGY BANK RETROSPOT ,8,12/1/2010 10:52,2.55,13448,United Kingdom
SET 7 BABUSHKA NESTING BOXES,6,12/1/2010 10:52,8.5,13448,United Kingdom
DOORMAT FAIRY CAKE,2,12/1/2010 10:52,7.95,13448,United Kingdom
HAND WARMER RED RETROSPOT,12,12/1/2010 10:52,2.1,13448,United Kingdom
HAND WARMER SCOTTY DOG DESIGN,12,12/1/2010 10:52,2.1,13448,United Kingdom
HAND WARMER OWL DESIGN,12,12/1/2010 10:52,2.1,13448,United Kingdom
STRAWBERRY CERAMIC TRINKET BOX,12,12/1/2010 10:52,1.25,13448,United Kingdom
PINK DOUGHNUT TRINKET POT ,12,12/1/2010 10:52,1.65,13448,United Kingdom
SILK PURSE BABUSHKA PINK,6,12/1/2010 10:52,3.35,13448,United Kingdom
HOT WATER BOTTLE TEA AND SYMPATHY,4,12/1/2010 10:52,3.95,13448,United Kingdom
HOT WATER BOTTLE I AM SO POORLY,8,12/1/2010 10:52,4.65,13448,United Kingdom
CHOCOLATE HOT WATER BOTTLE,9,12/1/2010 10:52,4.95,13448,United Kingdom
WHITE SKULL HOT WATER BOTTLE ,4,12/1/2010 10:52,3.75,13448,United Kingdom
SCOTTIE DOG HOT WATER BOTTLE,9,12/1/2010 10:52,4.95,13448,United Kingdom
HAND WARMER RED POLKA DOT,6,12/1/2010 10:52,1.85,17850,United Kingdom
HAND WARMER UNION JACK,6,12/1/2010 10:52,1.85,17850,United Kingdom
HOMEMADE JAM SCENTED CANDLES,12,12/1/2010 10:53,1.45,13448,United Kingdom
BIRD HOUSE HOT WATER BOTTLE,1,12/1/2010 11:21,2.55,15862,United Kingdom
BOUDOIR SQUARE TISSUE BOX,1,12/1/2010 11:21,1.25,15862,United Kingdom
SKULLS SQUARE TISSUE BOX,2,12/1/2010 11:21,1.25,15862,United Kingdom
PHOTO FRAME CORNICE,1,12/1/2010 11:21,2.95,15862,United Kingdom
SILK PURSE BABUSHKA RED,1,12/1/2010 11:21,3.35,15862,United Kingdom
PICTURE DOMINOES,1,12/1/2010 11:21,1.45,15862,United Kingdom
S/6 SEW ON CROCHET FLOWERS,1,12/1/2010 11:21,1.25,15862,United Kingdom
SCANDINAVIAN REDS RIBBONS,2,12/1/2010 11:21,1.25,15862,United Kingdom
BALLOONS  WRITING SET ,1,12/1/2010 11:21,1.65,15862,United Kingdom
JAM MAKING SET PRINTED,4,12/1/2010 11:21,1.45,15862,United Kingdom
LAVENDER INCENSE IN TIN,1,12/1/2010 11:21,1.25,15862,United Kingdom
TV DINNER TRAY VINTAGE PAISLEY,1,12/1/2010 11:21,4.95,15862,United Kingdom
SET OF 4 ENGLISH ROSE PLACEMATS,2,12/1/2010 11:21,3.75,15862,United Kingdom
SET OF 4 ENGLISH ROSE COASTERS,2,12/1/2010 11:21,1.25,15862,United Kingdom
TRIPLE PHOTO FRAME CORNICE ,2,12/1/2010 11:21,9.95,15862,United Kingdom
FAMILY PHOTO FRAME CORNICE,1,12/1/2010 11:21,9.95,15862,United Kingdom
MIRRORED DISCO BALL ,1,12/1/2010 11:21,5.95,15862,United Kingdom
DISCO BALL ROTATOR BATTERY OPERATED,1,12/1/2010 11:21,4.25,15862,United Kingdom
SILVER LOOKING MIRROR,3,12/1/2010 11:21,4.95,15862,United Kingdom
LADIES & GENTLEMEN METAL SIGN,1,12/1/2010 11:21,2.55,15862,United Kingdom
METAL SIGN HER DINNER IS SERVED ,1,12/1/2010 11:21,2.95,15862,United Kingdom
YOU'RE CONFUSING ME METAL SIGN ,2,12/1/2010 11:21,1.69,15862,United Kingdom
DOORMAT TOPIARY,1,12/1/2010 11:21,7.95,15862,United Kingdom
BATHROOM METAL SIGN,1,12/1/2010 11:21,0.55,15862,United Kingdom
KITCHEN METAL SIGN,1,12/1/2010 11:21,0.55,15862,United Kingdom
TOILET METAL SIGN,2,12/1/2010 11:21,0.55,15862,United Kingdom
METAL SIGN TAKE IT OR LEAVE IT ,4,12/1/2010 11:21,2.95,15862,United Kingdom
I'M ON HOLIDAY METAL SIGN,2,12/1/2010 11:21,2.1,15862,United Kingdom
GROW YOUR OWN BASIL IN ENAMEL MUG,1,12/1/2010 11:21,2.1,15862,United Kingdom
SET/10 PINK POLKADOT PARTY CANDLES,1,12/1/2010 11:21,1.25,15862,United Kingdom
SET 20 NAPKINS FAIRY CAKES DESIGN ,1,12/1/2010 11:21,0.85,15862,United Kingdom
60 TEATIME FAIRY CAKE CASES,3,12/1/2010 11:21,0.55,15862,United Kingdom
SET OF 6 T-LIGHTS SNOWMEN,1,12/1/2010 11:21,2.95,15862,United Kingdom
SET OF 6 T-LIGHTS SANTA,1,12/1/2010 11:21,2.95,15862,United Kingdom
SET OF 9 HEART SHAPED BALLOONS,2,12/1/2010 11:21,1.25,15862,United Kingdom
SANDWICH BATH SPONGE,3,12/1/2010 11:21,1.25,15862,United Kingdom
APPLE BATH SPONGE,1,12/1/2010 11:21,1.25,15862,United Kingdom
STRAWBERRY BATH SPONGE ,1,12/1/2010 11:21,1.25,15862,United Kingdom
BLACK PIRATE TREASURE CHEST,2,12/1/2010 11:21,1.65,15862,United Kingdom
STAR PORTABLE TABLE LIGHT ,2,12/1/2010 11:21,2.95,15862,United Kingdom
SNOWFLAKE PORTABLE TABLE LIGHT ,2,12/1/2010 11:21,2.95,15862,United Kingdom
PINK OVAL JEWELLED MIRROR,1,12/1/2010 11:21,5.95,15862,United Kingdom
RETROSPOT CIGAR BOX MATCHES ,1,12/1/2010 11:21,1.25,15862,United Kingdom
COSY HOUR GIANT TUBE MATCHES,2,12/1/2010 11:21,2.55,15862,United Kingdom
JAZZ HEARTS PURSE NOTEBOOK,9,12/1/2010 11:21,0.85,15862,United Kingdom
LUNCH BAG DOLLY GIRL DESIGN,1,12/1/2010 11:21,1.65,15862,United Kingdom
WHITE HANGING HEART T-LIGHT HOLDER,4,12/1/2010 11:21,2.95,15862,United Kingdom
CANDLEHOLDER PINK HANGING HEART,3,12/1/2010 11:21,2.95,15862,United Kingdom
WOOD 2 DRAWER CABINET WHITE FINISH,1,12/1/2010 11:21,5.95,15862,United Kingdom
ASSORTED COLOUR MINI CASES,1,12/1/2010 11:21,7.95,15862,United Kingdom
LUNCH BAG RED RETROSPOT,1,12/1/2010 11:21,1.65,15862,United Kingdom
LUNCH BAG SPACEBOY DESIGN ,2,12/1/2010 11:21,1.65,15862,United Kingdom
LUNCH BAG WOODLAND,1,12/1/2010 11:21,1.65,15862,United Kingdom
LUNCH BAG PINK POLKADOT,1,12/1/2010 11:21,1.65,15862,United Kingdom
GUMBALL COAT RACK,5,12/1/2010 11:21,2.55,15862,United Kingdom
BLUE NEW BAROQUE CANDLESTICK CANDLE,3,12/1/2010 11:21,2.95,15862,United Kingdom
PINK NEW BAROQUECANDLESTICK CANDLE,3,12/1/2010 11:21,2.95,15862,United Kingdom
FAIRY CAKE FLANNEL ASSORTED COLOUR,9,12/1/2010 11:21,2.55,15862,United Kingdom
BREAD BIN DINER STYLE PINK,1,12/1/2010 11:21,16.95,15862,United Kingdom
JUMBO BAG CHARLIE AND LOLA TOYS,4,12/1/2010 11:21,2.95,15862,United Kingdom
TEA TIME TABLE CLOTH,1,12/1/2010 11:21,10.65,15862,United Kingdom
ENGLISH ROSE HOT WATER BOTTLE,1,12/1/2010 11:21,4.25,15862,United Kingdom
ENAMEL FIRE BUCKET CREAM,2,12/1/2010 11:21,6.95,15862,United Kingdom
PICNIC BASKET WICKER SMALL,2,12/1/2010 11:21,5.95,15862,United Kingdom
PAPER CHAIN KIT 50'S CHRISTMAS ,40,12/1/2010 11:22,2.55,15513,United Kingdom
PAPER CHAIN KIT VINTAGE CHRISTMAS,40,12/1/2010 11:22,2.55,15513,United Kingdom
HOT WATER BOTTLE BABUSHKA ,36,12/1/2010 11:22,4.25,15513,United Kingdom
HAND WARMER BIRD DESIGN,96,12/1/2010 11:27,1.85,12791,Netherlands
POSTAGE,1,12/1/2010 11:27,15,12791,Netherlands
HEART IVORY TRELLIS SMALL,24,12/1/2010 11:29,1.25,16218,United Kingdom
CLEAR DRAWER KNOB ACRYLIC EDWARDIAN,12,12/1/2010 11:29,1.25,16218,United Kingdom
PINK DRAWER KNOB ACRYLIC EDWARDIAN,12,12/1/2010 11:29,1.25,16218,United Kingdom
GREEN DRAWER KNOB ACRYLIC EDWARDIAN,12,12/1/2010 11:29,1.25,16218,United Kingdom
BLUE DRAWER KNOB ACRYLIC EDWARDIAN,12,12/1/2010 11:29,1.25,16218,United Kingdom
HEART OF WICKER SMALL,12,12/1/2010 11:29,1.65,16218,United Kingdom
SMALL POPCORN HOLDER,36,12/1/2010 11:29,0.85,16218,United Kingdom
SET 6 FOOTBALL CELEBRATION CANDLES,12,12/1/2010 11:29,1.25,16218,United Kingdom
SET OF 6 GIRLS CELEBRATION CANDLES,12,12/1/2010 11:29,1.25,16218,United Kingdom
ROMANTIC PINKS RIBBONS ,12,12/1/2010 11:29,1.25,16218,United Kingdom
BRIGHT BLUES RIBBONS ,12,12/1/2010 11:29,1.25,16218,United Kingdom
SCANDINAVIAN REDS RIBBONS,12,12/1/2010 11:29,1.25,16218,United Kingdom
CHOCOLATE BOX RIBBONS ,12,12/1/2010 11:29,1.25,16218,United Kingdom
PARTY INVITES FOOTBALL,12,12/1/2010 11:29,0.85,16218,United Kingdom
PARTY INVITES JAZZ HEARTS,12,12/1/2010 11:29,0.85,16218,United Kingdom
PARTY INVITES SPACEMAN,12,12/1/2010 11:29,0.85,16218,United Kingdom
SET OF 3 BUTTERFLY COOKIE CUTTERS,12,12/1/2010 11:29,1.25,16218,United Kingdom
SET OF 3 HEART COOKIE CUTTERS,12,12/1/2010 11:29,1.25,16218,United Kingdom
3 PIECE SPACEBOY COOKIE CUTTER SET,12,12/1/2010 11:29,2.1,16218,United Kingdom
PACK OF 72 SKULL CAKE CASES,24,12/1/2010 11:29,0.55,16218,United Kingdom
PACK OF 60 SPACEBOY CAKE CASES,24,12/1/2010 11:29,0.55,16218,United Kingdom
PACK OF 72 RETROSPOT CAKE CASES,24,12/1/2010 11:29,0.55,16218,United Kingdom
72 SWEETHEART FAIRY CAKE CASES,24,12/1/2010 11:29,0.55,16218,United Kingdom
PACK OF 60 DINOSAUR CAKE CASES,24,12/1/2010 11:29,0.55,16218,United Kingdom
LUNCH BAG SUKI  DESIGN ,10,12/1/2010 11:29,1.65,16218,United Kingdom
LUNCH BAG CARS BLUE,10,12/1/2010 11:29,1.65,16218,United Kingdom
LUNCH BAG  BLACK SKULL.,10,12/1/2010 11:29,1.65,16218,United Kingdom
HEART IVORY TRELLIS LARGE,24,12/1/2010 11:29,1.65,16218,United Kingdom
SET/5 RED RETROSPOT LID GLASS BOWLS,128,12/1/2010 11:32,2.55,14045,United Kingdom
WHITE HANGING HEART T-LIGHT HOLDER,8,12/1/2010 11:33,2.55,17850,United Kingdom
WHITE METAL LANTERN,8,12/1/2010 11:33,3.39,17850,United Kingdom
CREAM CUPID HEARTS COAT HANGER,8,12/1/2010 11:33,2.75,17850,United Kingdom
EDWARDIAN PARASOL RED,6,12/1/2010 11:33,4.95,17850,United Kingdom
RETRO COFFEE MUGS ASSORTED,6,12/1/2010 11:33,1.06,17850,United Kingdom
SAVE THE PLANET MUG,6,12/1/2010 11:33,1.06,17850,United Kingdom
VINTAGE BILLBOARD DRINK ME MUG,6,12/1/2010 11:33,1.06,17850,United Kingdom
VINTAGE BILLBOARD LOVE/HATE MUG,6,12/1/2010 11:33,1.06,17850,United Kingdom
WOOD 2 DRAWER CABINET WHITE FINISH,4,12/1/2010 11:33,4.95,17850,United Kingdom
WOOD S/3 CABINET ANT WHITE FINISH,4,12/1/2010 11:33,6.95,17850,United Kingdom
WOODEN PICTURE FRAME WHITE FINISH,6,12/1/2010 11:33,2.1,17850,United Kingdom
WOODEN FRAME ANTIQUE WHITE ,6,12/1/2010 11:33,2.55,17850,United Kingdom
KNITTED UNION FLAG HOT WATER BOTTLE,6,12/1/2010 11:33,3.39,17850,United Kingdom
RED WOOLLY HOTTIE WHITE HEART.,6,12/1/2010 11:33,3.39,17850,United Kingdom
SET 7 BABUSHKA NESTING BOXES,2,12/1/2010 11:33,7.65,17850,United Kingdom
IVORY EMBROIDERED QUILT ,2,12/1/2010 11:33,35.75,17850,United Kingdom
GLASS STAR FROSTED T-LIGHT HOLDER,6,12/1/2010 11:33,4.25,17850,United Kingdom
HAND WARMER RED POLKA DOT,6,12/1/2010 11:34,1.85,17850,United Kingdom
HAND WARMER UNION JACK,6,12/1/2010 11:34,1.85,17850,United Kingdom
MAGIC DRAWING SLATE DINOSAUR,24,12/1/2010 11:41,0.42,14307,United Kingdom
MAGIC DRAWING SLATE BAKE A CAKE ,24,12/1/2010 11:41,0.42,14307,United Kingdom
12 PENCILS TALL TUBE SKULLS,12,12/1/2010 11:41,0.85,14307,United Kingdom
CHOCOLATE CALCULATOR,12,12/1/2010 11:41,1.65,14307,United Kingdom
RED  HARMONICA IN BOX ,12,12/1/2010 11:41,1.25,14307,United Kingdom
BLUE HARMONICA IN BOX ,12,12/1/2010 11:41,1.25,14307,United Kingdom
SKULLS  WATER TRANSFER TATTOOS ,12,12/1/2010 11:41,0.85,14307,United Kingdom
PACK 3 BOXES BIRD PANNETONE ,12,12/1/2010 11:41,1.95,14307,United Kingdom
HOT WATER BOTTLE TEA AND SYMPATHY,4,12/1/2010 11:41,3.95,14307,United Kingdom
RED WOOLLY HOTTIE WHITE HEART.,4,12/1/2010 11:41,3.75,14307,United Kingdom
WHITE SKULL HOT WATER BOTTLE ,4,12/1/2010 11:41,3.75,14307,United Kingdom
3 PIECE SPACEBOY COOKIE CUTTER SET,6,12/1/2010 11:41,2.1,14307,United Kingdom
SET OF 20 KIDS COOKIE CUTTERS,12,12/1/2010 11:41,2.1,14307,United Kingdom
10 COLOUR SPACEBOY PEN,24,12/1/2010 11:41,0.85,14307,United Kingdom
VICTORIAN GLASS HANGING T-LIGHT,12,12/1/2010 11:41,1.25,14307,United Kingdom
SINGLE HEART ZINC T-LIGHT HOLDER,12,12/1/2010 11:41,0.95,14307,United Kingdom
RED HANGING HEART T-LIGHT HOLDER,6,12/1/2010 11:41,2.95,14307,United Kingdom
HANGING METAL STAR LANTERN,12,12/1/2010 11:41,1.65,14307,United Kingdom
SILVER HANGING T-LIGHT HOLDER,6,12/1/2010 11:41,1.65,14307,United Kingdom
DOORMAT RED RETROSPOT,2,12/1/2010 11:41,7.95,14307,United Kingdom
DOORMAT HEARTS,2,12/1/2010 11:41,7.95,14307,United Kingdom
NATURAL SLATE RECTANGLE CHALKBOARD,12,12/1/2010 11:41,1.65,14307,United Kingdom
LOVEBIRD HANGING DECORATION WHITE ,12,12/1/2010 11:41,0.85,14307,United Kingdom
ASSORTED COLOUR BIRD ORNAMENT,8,12/1/2010 11:41,1.69,14307,United Kingdom
HOME BUILDING BLOCK WORD,3,12/1/2010 11:41,5.95,14307,United Kingdom
LOVE BUILDING BLOCK WORD,3,12/1/2010 11:41,5.95,14307,United Kingdom
PHOTO FRAME CORNICE,8,12/1/2010 11:41,2.95,14307,United Kingdom
PENS ASSORTED FUNNY FACE,36,12/1/2010 11:41,0.85,14307,United Kingdom
CARD CIRCUS PARADE,12,12/1/2010 11:41,0.42,14307,United Kingdom
WRAP COWBOYS  ,25,12/1/2010 11:41,0.42,14307,United Kingdom
AIRLINE BAG VINTAGE TOKYO 78,4,12/1/2010 11:41,4.25,14307,United Kingdom
RED RETROSPOT UMBRELLA,3,12/1/2010 11:41,5.95,14307,United Kingdom
BLACK/BLUE POLKADOT UMBRELLA,3,12/1/2010 11:41,5.95,14307,United Kingdom
RED 3 PIECE RETROSPOT CUTLERY SET,6,12/1/2010 11:41,3.75,14307,United Kingdom
PACK OF 72 RETROSPOT CAKE CASES,24,12/1/2010 11:41,0.55,14307,United Kingdom
SET OF 72 RETROSPOT PAPER  DOILIES,12,12/1/2010 11:41,1.45,14307,United Kingdom
BLUE COAT RACK PARIS FASHION,3,12/1/2010 11:41,4.95,14307,United Kingdom
PLASTERS IN TIN SKULLS,12,12/1/2010 11:41,1.65,14307,United Kingdom
SLEEPING CAT ERASERS,30,12/1/2010 11:41,0.21,14307,United Kingdom
CARD BIRTHDAY COWBOY,12,12/1/2010 11:41,0.42,14307,United Kingdom
PACK 3 BOXES CHRISTMAS PANNETONE,12,12/1/2010 11:41,1.95,14307,United Kingdom
ROTATING SILVER ANGELS T-LIGHT HLDR,6,12/1/2010 11:41,2.55,14307,United Kingdom
COSY HOUR GIANT TUBE MATCHES,12,12/1/2010 11:41,2.55,14307,United Kingdom
RIBBON REEL MAKING SNOWMEN ,10,12/1/2010 11:41,1.65,14307,United Kingdom
MINI PAINT SET VINTAGE ,36,12/1/2010 11:41,0.65,14307,United Kingdom
4 TRADITIONAL SPINNING TOPS,12,12/1/2010 11:41,1.25,14307,United Kingdom
SET OF 6 SOLDIER SKITTLES,4,12/1/2010 11:41,3.75,14307,United Kingdom
BAG 500g SWIRLY MARBLES,12,12/1/2010 11:41,1.65,14307,United Kingdom
5 STRAND GLASS NECKLACE CRYSTAL,3,12/1/2010 11:45,6.35,17908,United Kingdom
WHITE SKULL HOT WATER BOTTLE ,1,12/1/2010 11:45,3.75,17908,United Kingdom
SCOTTIE DOG HOT WATER BOTTLE,1,12/1/2010 11:45,4.95,17908,United Kingdom
SQUARECUSHION COVER PINK UNION FLAG,1,12/1/2010 11:45,6.75,17908,United Kingdom
SPACEBOY CHILDRENS EGG CUP,1,12/1/2010 11:45,1.25,17908,United Kingdom
CHILDREN'S SPACEBOY MUG,1,12/1/2010 11:45,1.65,17908,United Kingdom
HAND WARMER SCOTTY DOG DESIGN,1,12/1/2010 11:45,2.1,17908,United Kingdom
FELTCRAFT CUSHION OWL,1,12/1/2010 11:45,3.75,17908,United Kingdom
BLACK CANDELABRA T-LIGHT HOLDER,1,12/1/2010 11:45,2.1,17908,United Kingdom
TOY TIDY DOLLY GIRL DESIGN,1,12/1/2010 11:45,2.1,17908,United Kingdom
SET 12 LAVENDER  BOTANICAL T-LIGHTS,1,12/1/2010 11:45,2.95,17908,United Kingdom
UNION JACK FLAG LUGGAGE TAG,1,12/1/2010 11:45,1.25,17908,United Kingdom
RED HEART LUGGAGE TAG,1,12/1/2010 11:45,1.25,17908,United Kingdom
RED GLASS TASSLE BAG CHARM,1,12/1/2010 11:45,2.95,17908,United Kingdom
CLEAR ACRYLIC FACETED BANGLE,1,12/1/2010 11:45,2.95,17908,United Kingdom
5 STRAND GLASS NECKLACE CRYSTAL,1,12/1/2010 11:45,6.35,17908,United Kingdom
DOORMAT UNION JACK GUNS AND ROSES,1,12/1/2010 11:45,7.95,17908,United Kingdom
VANILLA SCENT CANDLE JEWELLED BOX,1,12/1/2010 11:45,4.25,17908,United Kingdom
FULL ENGLISH BREAKFAST PLATE,1,12/1/2010 11:45,3.75,17908,United Kingdom
BLACK CANDELABRA T-LIGHT HOLDER,5,12/1/2010 11:45,2.1,17908,United Kingdom
MAGIC DRAWING SLATE CIRCUS PARADE  ,1,12/1/2010 11:45,0.42,17908,United Kingdom
CHRISTMAS HANGING HEART WITH BELL,1,12/1/2010 11:45,1.25,17908,United Kingdom
CAKE STAND VICTORIAN FILIGREE MED,1,12/1/2010 11:45,6.75,17908,United Kingdom
PAISLEY PATTERN  STICKERS,6,12/1/2010 11:45,0.85,17908,United Kingdom
FLOWERS  STICKERS,6,12/1/2010 11:45,0.85,17908,United Kingdom
PINK NEW BAROQUECANDLESTICK CANDLE,1,12/1/2010 11:45,2.95,17908,United Kingdom
BLUE NEW BAROQUE CANDLESTICK CANDLE,3,12/1/2010 11:45,2.95,17908,United Kingdom
JUMBO STORAGE BAG SUKI,2,12/1/2010 11:45,1.95,17908,United Kingdom
BLACK LOVE BIRD CANDLE,12,12/1/2010 11:45,1.25,17908,United Kingdom
PARTY TIME PENCIL ERASERS,28,12/1/2010 11:45,0.21,17908,United Kingdom
DISCO BALL CHRISTMAS DECORATION,24,12/1/2010 11:45,0.12,17908,United Kingdom
PINK B'FLY C/COVER W BOBBLES,1,12/1/2010 11:45,5.95,17908,United Kingdom
PINK UNION JACK  LUGGAGE TAG,1,12/1/2010 11:45,1.25,17908,United Kingdom
6 RIBBONS ELEGANT CHRISTMAS ,1,12/1/2010 11:45,1.65,17908,United Kingdom
UNION JACK FLAG LUGGAGE TAG,1,12/1/2010 11:45,1.25,17908,United Kingdom
AGED GLASS SILVER T-LIGHT HOLDER,12,12/1/2010 11:45,0.65,17908,United Kingdom
BOOM BOX SPEAKER GIRLS,1,12/1/2010 11:45,5.95,17908,United Kingdom
6 RIBBONS SHIMMERING PINKS ,1,12/1/2010 11:45,1.65,17908,United Kingdom
 SET 2 TEA TOWELS I LOVE LONDON ,1,12/1/2010 11:45,2.95,17908,United Kingdom
JUMBO BAG OWLS,1,12/1/2010 11:45,1.95,17908,United Kingdom
SANDWICH BATH SPONGE,2,12/1/2010 11:45,1.25,17908,United Kingdom
OWL DOORSTOP,1,12/1/2010 11:45,4.95,17908,United Kingdom
5 STRAND GLASS NECKLACE CRYSTAL,2,12/1/2010 11:45,6.35,17908,United Kingdom
HAND WARMER UNION JACK,1,12/1/2010 11:45,2.1,17908,United Kingdom
HAND WARMER SCOTTY DOG DESIGN,1,12/1/2010 11:45,2.1,17908,United Kingdom
LARGE POPCORN HOLDER ,1,12/1/2010 11:45,1.65,17908,United Kingdom
PAINTED METAL STAR WITH HOLLY BELLS,3,12/1/2010 11:45,1.45,17908,United Kingdom
PAINTED METAL HEART WITH HOLLY BELL,3,12/1/2010 11:45,1.45,17908,United Kingdom
ANGEL DECORATION STARS ON DRESS,6,12/1/2010 11:45,0.42,17908,United Kingdom
SMALL POPCORN HOLDER,2,12/1/2010 11:45,0.85,17908,United Kingdom
JUMBO BAG RED RETROSPOT,2,12/1/2010 11:45,1.95,17908,United Kingdom
JUMBO BAG STRAWBERRY,1,12/1/2010 11:45,1.95,17908,United Kingdom
STRAWBERRY SHOPPER BAG,1,12/1/2010 11:45,1.25,17908,United Kingdom
STRAWBERRY CHARLOTTE BAG,1,12/1/2010 11:45,0.85,17908,United Kingdom
 SET 2 TEA TOWELS I LOVE LONDON ,1,12/1/2010 11:45,2.95,17908,United Kingdom
PACK OF 12 RED RETROSPOT TISSUES ,12,12/1/2010 11:45,0.29,17908,United Kingdom
SCOTTIE DOG HOT WATER BOTTLE,1,12/1/2010 11:45,4.95,17908,United Kingdom
CHOCOLATE HOT WATER BOTTLE,1,12/1/2010 11:45,4.95,17908,United Kingdom
LUNCH BAG CARS BLUE,3,12/1/2010 11:49,1.65,17920,United Kingdom
LUNCH BAG SPACEBOY DESIGN ,3,12/1/2010 11:49,1.65,17920,United Kingdom
ROUND SNACK BOXES SET OF4 WOODLAND ,1,12/1/2010 11:49,2.95,17920,United Kingdom
LUNCH BAG DOLLY GIRL DESIGN,4,12/1/2010 11:49,1.65,17920,United Kingdom
LUNCH BAG SUKI  DESIGN ,3,12/1/2010 11:49,1.65,17920,United Kingdom
LUNCH BAG  BLACK SKULL.,3,12/1/2010 11:49,1.65,17920,United Kingdom
ROUND SNACK BOXES SET OF 4 FRUITS ,1,12/1/2010 11:49,2.95,17920,United Kingdom
ROUND SNACK BOXES SET OF 4 SKULLS,1,12/1/2010 11:49,2.95,17920,United Kingdom
DOLLY GIRL LUNCH BOX,1,12/1/2010 11:49,1.95,17920,United Kingdom
SPACEBOY LUNCH BOX ,1,12/1/2010 11:49,1.95,17920,United Kingdom
GREEN POLKADOT PLATE ,1,12/1/2010 11:49,1.69,17920,United Kingdom
BLUE POLKADOT PLATE ,1,12/1/2010 11:49,1.69,17920,United Kingdom
RED RETROSPOT PLATE ,1,12/1/2010 11:49,1.69,17920,United Kingdom
PINK  POLKADOT PLATE ,1,12/1/2010 11:49,1.69,17920,United Kingdom
ROUND SNACK BOXES SET OF 4 SKULLS,1,12/1/2010 11:49,2.95,17920,United Kingdom
FELTCRAFT DOLL MOLLY,1,12/1/2010 11:49,2.95,17920,United Kingdom
FELTCRAFT CHRISTMAS FAIRY,3,12/1/2010 11:49,4.25,17920,United Kingdom
TRAVEL SEWING KIT,5,12/1/2010 11:49,1.65,17920,United Kingdom
SET OF 3 NOTEBOOKS IN PARCEL,1,12/1/2010 11:49,1.65,17920,United Kingdom
RED RETROSPOT TAPE,10,12/1/2010 11:49,0.65,17920,United Kingdom
COSY SLIPPER SHOES SMALL  RED ,1,12/1/2010 11:49,2.95,17920,United Kingdom
6 RIBBONS RUSTIC CHARM,1,12/1/2010 11:49,1.65,17920,United Kingdom
SCANDINAVIAN REDS RIBBONS,3,12/1/2010 11:49,1.25,17920,United Kingdom
JAM MAKING SET PRINTED,24,12/1/2010 11:49,1.45,17920,United Kingdom
12 DAISY PEGS IN WOOD BOX,2,12/1/2010 11:49,1.65,17920,United Kingdom
HOT WATER BOTTLE BABUSHKA ,3,12/1/2010 11:49,4.65,17920,United Kingdom
FELTCRAFT PRINCESS CHARLOTTE DOLL,2,12/1/2010 11:49,3.75,17920,United Kingdom
FELTCRAFT CHRISTMAS FAIRY,1,12/1/2010 11:49,4.25,17920,United Kingdom
FELTCRAFT PRINCESS CHARLOTTE DOLL,1,12/1/2010 11:49,3.75,17920,United Kingdom
6 RIBBONS RUSTIC CHARM,2,12/1/2010 11:49,1.65,17920,United Kingdom
COSY SLIPPER SHOES SMALL  RED ,2,12/1/2010 11:49,2.95,17920,United Kingdom
SCANDINAVIAN REDS RIBBONS,1,12/1/2010 11:49,1.25,17920,United Kingdom
5 HOOK HANGER RED MAGIC TOADSTOOL,6,12/1/2010 11:49,1.65,17920,United Kingdom
CHRISTMAS CRAFT TREE TOP ANGEL,1,12/1/2010 11:49,2.1,17920,United Kingdom
CHRISTMAS CRAFT LITTLE FRIENDS,2,12/1/2010 11:49,2.1,17920,United Kingdom
5 HOOK HANGER RED MAGIC TOADSTOOL,3,12/1/2010 11:49,1.65,17920,United Kingdom
6 RIBBONS RUSTIC CHARM,7,12/1/2010 11:49,1.65,17920,United Kingdom
12 DAISY PEGS IN WOOD BOX,1,12/1/2010 11:49,1.65,17920,United Kingdom
SET OF 3 NOTEBOOKS IN PARCEL,5,12/1/2010 11:49,1.65,17920,United Kingdom
5 HOOK HANGER MAGIC TOADSTOOL,5,12/1/2010 11:49,1.65,17920,United Kingdom
SCANDINAVIAN REDS RIBBONS,12,12/1/2010 11:49,1.25,17920,United Kingdom
RED TOADSTOOL LED NIGHT LIGHT,5,12/1/2010 11:49,1.65,17920,United Kingdom
5 HOOK HANGER RED MAGIC TOADSTOOL,1,12/1/2010 11:49,1.65,17920,United Kingdom
COSY SLIPPER SHOES SMALL GREEN,2,12/1/2010 11:49,2.95,17920,United Kingdom
COSY SLIPPER SHOES SMALL  RED ,5,12/1/2010 11:49,2.95,17920,United Kingdom
FELTCRAFT DOLL ROSIE,2,12/1/2010 11:49,2.95,17920,United Kingdom
FELTCRAFT DOLL MOLLY,1,12/1/2010 11:49,2.95,17920,United Kingdom
FELTCRAFT DOLL EMILY,2,12/1/2010 11:49,2.95,17920,United Kingdom
FELTCRAFT PRINCESS CHARLOTTE DOLL,1,12/1/2010 11:49,3.75,17920,United Kingdom
FELTCRAFT PRINCESS OLIVIA DOLL,2,12/1/2010 11:49,3.75,17920,United Kingdom
REX CASH+CARRY JUMBO SHOPPER,1,12/1/2010 11:49,0.95,17920,United Kingdom
FELTCRAFT DOLL MOLLY,2,12/1/2010 11:49,2.95,17920,United Kingdom
FELTCRAFT CUSHION OWL,3,12/1/2010 11:49,3.75,17920,United Kingdom
CHRISTMAS CRAFT TREE TOP ANGEL,1,12/1/2010 11:49,2.1,17920,United Kingdom
CHRISTMAS CRAFT LITTLE FRIENDS,1,12/1/2010 11:49,2.1,17920,United Kingdom
FELTCRAFT CUSHION RABBIT,3,12/1/2010 11:49,3.75,17920,United Kingdom
FELTCRAFT CUSHION BUTTERFLY,2,12/1/2010 11:49,3.75,17920,United Kingdom
12 DAISY PEGS IN WOOD BOX,1,12/1/2010 11:49,1.65,17920,United Kingdom
PAPER CHAIN KIT 50'S CHRISTMAS ,1,12/1/2010 11:49,2.95,17920,United Kingdom
FELTCRAFT CUSHION BUTTERFLY,2,12/1/2010 11:49,3.75,17920,United Kingdom
12 DAISY PEGS IN WOOD BOX,2,12/1/2010 11:49,1.65,17920,United Kingdom
ROSE COTTAGE KEEPSAKE BOX ,4,12/1/2010 11:49,9.95,17920,United Kingdom
TOTE BAG I LOVE LONDON,7,12/1/2010 11:49,2.1,17920,United Kingdom
12 DAISY PEGS IN WOOD BOX,2,12/1/2010 11:49,1.65,17920,United Kingdom
TOTE BAG I LOVE LONDON,7,12/1/2010 11:49,2.1,17920,United Kingdom
FOLDING UMBRELLA PINKWHITE POLKADOT,1,12/1/2010 11:49,4.95,17920,United Kingdom
FOLDING UMBRELLA CREAM POLKADOT,1,12/1/2010 11:49,4.95,17920,United Kingdom
FOLDING UMBRELLA WHITE/RED POLKADOT,1,12/1/2010 11:49,4.95,17920,United Kingdom
SET 10 LIGHTS NIGHT OWL,2,12/1/2010 11:49,6.75,17920,United Kingdom
SMALL POPCORN HOLDER,5,12/1/2010 11:49,0.85,17920,United Kingdom
 SET 2 TEA TOWELS I LOVE LONDON ,2,12/1/2010 11:49,2.95,17920,United Kingdom
FOLDING UMBRELLA RED/WHITE POLKADOT,1,12/1/2010 11:49,4.95,17920,United Kingdom
BABUSHKA LIGHTS STRING OF 10,2,12/1/2010 11:49,6.75,17920,United Kingdom
LUNCH BAG RED RETROSPOT,1,12/1/2010 11:49,1.65,17920,United Kingdom
S/4 VALENTINE DECOUPAGE HEART BOX,1,12/1/2010 11:49,2.95,17920,United Kingdom
FOLDING UMBRELLA CREAM POLKADOT,1,12/1/2010 11:49,4.95,17920,United Kingdom
 SET 2 TEA TOWELS I LOVE LONDON ,2,12/1/2010 11:49,2.95,17920,United Kingdom
FOLDING UMBRELLA RED/WHITE POLKADOT,1,12/1/2010 11:49,4.95,17920,United Kingdom
SOLDIERS EGG CUP ,6,12/1/2010 11:49,1.25,17920,United Kingdom
S/4 VALENTINE DECOUPAGE HEART BOX,1,12/1/2010 11:49,2.95,17920,United Kingdom
RED RETROSPOT MINI CASES,1,12/1/2010 11:49,7.95,17920,United Kingdom
,56,12/1/2010 11:52,0,,United Kingdom
60 CAKE CASES VINTAGE CHRISTMAS,10,12/1/2010 11:57,0.55,12838,United Kingdom
PAPER CHAIN KIT VINTAGE CHRISTMAS,5,12/1/2010 11:57,2.95,12838,United Kingdom
RIBBON REEL CHRISTMAS SOCK BAUBLE,3,12/1/2010 11:57,1.65,12838,United Kingdom
RIBBON REEL SNOWY VILLAGE,3,12/1/2010 11:57,1.65,12838,United Kingdom
RIBBON REEL MAKING SNOWMEN ,3,12/1/2010 11:57,1.65,12838,United Kingdom
SET OF 20 VINTAGE CHRISTMAS NAPKINS,5,12/1/2010 11:57,0.85,12838,United Kingdom
TURQUOISE CHRISTMAS TREE ,2,12/1/2010 11:57,1.25,12838,United Kingdom
RED STAR CARD HOLDER,5,12/1/2010 11:57,2.95,12838,United Kingdom
WICKER WREATH SMALL,3,12/1/2010 11:57,1.45,12838,United Kingdom
HEART OF WICKER LARGE,1,12/1/2010 11:57,2.95,12838,United Kingdom
ADVENT CALENDAR GINGHAM SACK,1,12/1/2010 11:57,5.95,12838,United Kingdom
HEART OF WICKER SMALL,5,12/1/2010 11:57,1.65,12838,United Kingdom
FELTCRAFT BUTTERFLY HEARTS,4,12/1/2010 11:57,1.45,12838,United Kingdom
PARTY CONE CHRISTMAS DECORATION ,6,12/1/2010 11:57,0.85,12838,United Kingdom
VINTAGE HEADS AND TAILS CARD GAME ,3,12/1/2010 11:57,1.25,12838,United Kingdom
WICKER STAR ,5,12/1/2010 11:57,2.1,12838,United Kingdom
VINTAGE SNAP CARDS,3,12/1/2010 11:57,0.85,12838,United Kingdom
FELTCRAFT 6 FLOWER FRIENDS,4,12/1/2010 11:57,2.1,12838,United Kingdom
 SET 2 TEA TOWELS I LOVE LONDON ,3,12/1/2010 11:57,2.95,12838,United Kingdom
JAM MAKING SET PRINTED,3,12/1/2010 11:57,1.45,12838,United Kingdom
BIRD DECORATION RED RETROSPOT,12,12/1/2010 11:57,0.85,12838,United Kingdom
CHRISTMAS GINGHAM TREE,5,12/1/2010 11:57,0.85,12838,United Kingdom
CHRISTMAS GINGHAM STAR,4,12/1/2010 11:57,0.85,12838,United Kingdom
CHRISTMAS GINGHAM HEART,6,12/1/2010 11:57,0.85,12838,United Kingdom
PACK OF 12 PINK POLKADOT TISSUES,12,12/1/2010 11:57,0.29,12838,United Kingdom
FELTCRAFT PRINCESS LOLA DOLL,2,12/1/2010 11:57,3.75,12838,United Kingdom
PACK OF 12 LONDON TISSUES ,12,12/1/2010 11:57,0.29,12838,United Kingdom
PURPLE DRAWERKNOB ACRYLIC EDWARDIAN,1,12/1/2010 11:57,1.25,12838,United Kingdom
CHILDREN'S APRON DOLLY GIRL ,2,12/1/2010 11:57,2.1,12838,United Kingdom
CHILDRENS APRON SPACEBOY DESIGN,3,12/1/2010 11:57,1.95,12838,United Kingdom
CHRISTMAS LIGHTS 10 SANTAS ,3,12/1/2010 11:57,8.5,12838,United Kingdom
CHRISTMAS LIGHTS 10 REINDEER,3,12/1/2010 11:57,8.5,12838,United Kingdom
PAPER CHAIN KIT 50'S CHRISTMAS ,6,12/1/2010 11:57,2.95,12838,United Kingdom
FELTCRAFT CHRISTMAS FAIRY,2,12/1/2010 11:57,4.25,12838,United Kingdom
PACK OF 72 RETROSPOT CAKE CASES,2,12/1/2010 11:57,0.55,12838,United Kingdom
PACK OF 60 MUSHROOM CAKE CASES,2,12/1/2010 11:57,0.55,12838,United Kingdom
60 CAKE CASES DOLLY GIRL DESIGN,2,12/1/2010 11:57,0.55,12838,United Kingdom
PACK OF 60 PINK PAISLEY CAKE CASES,3,12/1/2010 11:57,0.55,12838,United Kingdom
HAND WARMER BABUSHKA DESIGN,3,12/1/2010 11:57,2.1,12838,United Kingdom
HAND WARMER BIRD DESIGN,3,12/1/2010 11:57,2.1,12838,United Kingdom
HAND WARMER OWL DESIGN,3,12/1/2010 11:57,2.1,12838,United Kingdom
HAND WARMER RED RETROSPOT,3,12/1/2010 11:57,2.1,12838,United Kingdom
SET 12 RETRO WHITE CHALK STICKS,2,12/1/2010 11:57,0.42,12838,United Kingdom
FELTCRAFT HAIRBAND RED AND BLUE,4,12/1/2010 11:57,0.85,12838,United Kingdom
FELTCRAFT HAIRBAND PINK AND PURPLE,3,12/1/2010 11:57,0.85,12838,United Kingdom
FELTCRAFT HAIRBANDS PINK AND WHITE ,3,12/1/2010 11:57,0.85,12838,United Kingdom
TV DINNER TRAY DOLLY GIRL,2,12/1/2010 11:57,4.95,12838,United Kingdom
PLASTERS IN TIN VINTAGE PAISLEY ,3,12/1/2010 11:57,1.65,12838,United Kingdom
PLASTERS IN TIN SPACEBOY,3,12/1/2010 11:57,1.65,12838,United Kingdom
PLASTERS IN TIN WOODLAND ANIMALS,3,12/1/2010 11:57,1.65,12838,United Kingdom
MAGIC DRAWING SLATE SPACEBOY ,3,12/1/2010 11:57,0.42,12838,United Kingdom
MAGIC DRAWING SLATE CIRCUS PARADE  ,3,12/1/2010 11:57,0.42,12838,United Kingdom
MAGIC DRAWING SLATE GO TO THE FAIR ,3,12/1/2010 11:57,0.42,12838,United Kingdom
MAGIC DRAWING SLATE DOLLY GIRL ,3,12/1/2010 11:57,0.42,12838,United Kingdom
CHARLIE + LOLA RED HOT WATER BOTTLE,3,12/1/2010 11:57,2.95,12838,United Kingdom
HOT WATER BOTTLE BABUSHKA ,3,12/1/2010 11:57,4.65,12838,United Kingdom
URBAN BLACK RIBBONS ,2,12/1/2010 11:57,1.25,12838,United Kingdom
FELTCRAFT PRINCESS CHARLOTTE DOLL,2,12/1/2010 11:57,3.75,12838,United Kingdom
SET OF 6 T-LIGHTS TOADSTOOLS,12,12/1/2010 11:57,2.95,12838,United Kingdom
ROTATING LEAVES T-LIGHT HOLDER,12,12/1/2010 11:58,1.25,13255,United Kingdom
RED  HARMONICA IN BOX ,72,12/1/2010 11:58,1.25,13255,United Kingdom
CUPCAKE LACE PAPER SET 6,12,12/1/2010 11:58,1.95,13255,United Kingdom
FAMILY PHOTO FRAME CORNICE,4,12/1/2010 11:58,9.95,13255,United Kingdom
TRIPLE PHOTO FRAME CORNICE ,4,12/1/2010 11:58,9.95,13255,United Kingdom
WOODEN FRAME ANTIQUE WHITE ,6,12/1/2010 11:58,2.95,13255,United Kingdom
WOODEN BOX OF DOMINOES,12,12/1/2010 12:03,1.25,16583,United Kingdom
TRADITIONAL WOODEN CATCH CUP GAME ,12,12/1/2010 12:03,1.25,16583,United Kingdom
TRADITIONAL WOODEN SKIPPING ROPE,12,12/1/2010 12:03,1.25,16583,United Kingdom
S/6 WOODEN SKITTLES IN COTTON BAG,6,12/1/2010 12:03,2.95,16583,United Kingdom
RED METAL BEACH SPADE ,12,12/1/2010 12:03,1.25,16583,United Kingdom
BOYS VINTAGE TIN SEASIDE BUCKET,8,12/1/2010 12:03,2.55,16583,United Kingdom
GIRLS VINTAGE TIN SEASIDE BUCKET,8,12/1/2010 12:03,2.55,16583,United Kingdom
GREY HEART HOT WATER BOTTLE,4,12/1/2010 12:03,3.75,16583,United Kingdom
SCOTTIE DOG HOT WATER BOTTLE,3,12/1/2010 12:03,4.95,16583,United Kingdom
BIRD HOUSE HOT WATER BOTTLE,6,12/1/2010 12:03,2.55,16583,United Kingdom
KINGS CHOICE TEA CADDY ,6,12/1/2010 12:03,2.95,16583,United Kingdom
KINGS CHOICE BISCUIT TIN,4,12/1/2010 12:03,4.25,16583,United Kingdom
METAL SIGN EMPIRE TEA,6,12/1/2010 12:03,2.95,16583,United Kingdom
HOMEMADE JAM SCENTED CANDLES,12,12/1/2010 12:03,1.45,16583,United Kingdom
SET OF 6 SOLDIER SKITTLES,4,12/1/2010 12:08,3.75,18085,United Kingdom
FAWN BLUE HOT WATER BOTTLE,6,12/1/2010 12:08,2.95,18085,United Kingdom
HAND WARMER RED RETROSPOT,12,12/1/2010 12:08,2.1,18085,United Kingdom
HOT WATER BOTTLE BABUSHKA ,8,12/1/2010 12:08,4.65,18085,United Kingdom
WHITE SKULL HOT WATER BOTTLE ,8,12/1/2010 12:08,3.75,18085,United Kingdom
RETROSPOT HEART HOT WATER BOTTLE,8,12/1/2010 12:08,4.95,18085,United Kingdom
RED WOOLLY HOTTIE WHITE HEART.,8,12/1/2010 12:08,3.75,18085,United Kingdom
SCOTTIE DOG HOT WATER BOTTLE,16,12/1/2010 12:08,4.95,18085,United Kingdom
GREY HEART HOT WATER BOTTLE,8,12/1/2010 12:08,3.75,18085,United Kingdom
HOT WATER BOTTLE BABUSHKA ,8,12/1/2010 12:08,4.65,13758,United Kingdom
PACK OF 6 BIRDY GIFT TAGS,12,12/1/2010 12:08,1.25,13758,United Kingdom
CHILLI LIGHTS,8,12/1/2010 12:08,4.95,13758,United Kingdom
PIGGY BANK RETROSPOT ,12,12/1/2010 12:08,2.55,13758,United Kingdom
CERAMIC STRAWBERRY MONEY BOX,6,12/1/2010 12:08,2.55,13758,United Kingdom
CERAMIC STRAWBERRY CAKE MONEY BANK,12,12/1/2010 12:08,1.45,13758,United Kingdom
CERAMIC CHERRY CAKE MONEY BANK,12,12/1/2010 12:08,1.45,13758,United Kingdom
CERAMIC HEART FAIRY CAKE MONEY BANK,12,12/1/2010 12:08,1.45,13758,United Kingdom
CERAMIC PIRATE CHEST MONEY BANK,12,12/1/2010 12:08,1.45,13758,United Kingdom
DOORSTOP RETROSPOT HEART,8,12/1/2010 12:08,3.75,13758,United Kingdom
GINGHAM HEART  DOORSTOP RED,3,12/1/2010 12:08,4.25,13758,United Kingdom
RETROSPOT BABUSHKA DOORSTOP,4,12/1/2010 12:08,3.75,13758,United Kingdom
SILK PURSE BABUSHKA RED,6,12/1/2010 12:08,3.35,13758,United Kingdom
SILK PURSE BABUSHKA PINK,6,12/1/2010 12:08,3.35,13758,United Kingdom
FAMILY PHOTO FRAME CORNICE,2,12/1/2010 12:08,9.95,13758,United Kingdom
SWEETHEART WIRE WALL TIDY,2,12/1/2010 12:08,9.95,13758,United Kingdom
JAM MAKING SET PRINTED,12,12/1/2010 12:08,1.45,13758,United Kingdom
RED RETROSPOT OVEN GLOVE ,200,12/1/2010 12:12,1.06,13694,United Kingdom
CREAM HEART CARD HOLDER,72,12/1/2010 12:12,3.39,13694,United Kingdom
NAMASTE SWAGAT INCENSE,600,12/1/2010 12:12,0.24,13694,United Kingdom
CERAMIC STRAWBERRY DESIGN MUG,48,12/1/2010 12:12,1.25,13694,United Kingdom
BLACK HEART CARD HOLDER,36,12/1/2010 12:12,3.39,13694,United Kingdom
CLASSICAL ROSE SMALL VASE,48,12/1/2010 12:12,1.25,13694,United Kingdom
HYACINTH BULB T-LIGHT CANDLES,32,12/1/2010 12:15,0.42,15983,United Kingdom
CHRISTMAS CRAFT WHITE FAIRY ,2,12/1/2010 12:15,1.45,15983,United Kingdom
CHRISTMAS CRAFT LITTLE FRIENDS,2,12/1/2010 12:15,2.1,15983,United Kingdom
COSY HOUR CIGAR BOX MATCHES ,6,12/1/2010 12:15,1.25,15983,United Kingdom
RED TEA TOWEL CLASSIC DESIGN,12,12/1/2010 12:15,1.25,15983,United Kingdom
HEART FILIGREE DOVE  SMALL,48,12/1/2010 12:15,1.25,15983,United Kingdom
RETROSPOT CHILDRENS APRON,1,12/1/2010 12:15,1.95,15983,United Kingdom
COLOURING PENCILS BROWN TUBE,5,12/1/2010 12:15,0.85,15983,United Kingdom
4 IVORY DINNER CANDLES SILVER FLOCK,6,12/1/2010 12:15,2.55,15983,United Kingdom
HEART FILIGREE DOVE  SMALL,24,12/1/2010 12:15,1.25,15983,United Kingdom
ZINC METAL HEART DECORATION,12,12/1/2010 12:15,1.25,15983,United Kingdom
GREEN FERN NOTEBOOK,2,12/1/2010 12:15,1.65,15983,United Kingdom
BLUE PAISLEY NOTEBOOK,2,12/1/2010 12:15,1.65,15983,United Kingdom
CHRYSANTHEMUM NOTEBOOK,2,12/1/2010 12:15,1.65,15983,United Kingdom
LARGE CHINESE STYLE SCISSOR,10,12/1/2010 12:15,0.85,15983,United Kingdom
SMALL CHINESE STYLE SCISSOR,10,12/1/2010 12:15,0.42,15983,United Kingdom
S/6 WOODEN SKITTLES IN COTTON BAG,2,12/1/2010 12:15,2.95,15983,United Kingdom
TRADITIONAL WOODEN SKIPPING ROPE,2,12/1/2010 12:15,1.25,15983,United Kingdom
SET OF 6 SOLDIER SKITTLES,8,12/1/2010 12:15,3.75,15983,United Kingdom
4 TRADITIONAL SPINNING TOPS,6,12/1/2010 12:15,1.25,15983,United Kingdom
ROTATING SILVER ANGELS T-LIGHT HLDR,12,12/1/2010 12:15,2.55,15983,United Kingdom
BLACK LOVE BIRD CANDLE,24,12/1/2010 12:15,1.25,15983,United Kingdom
RETROSPOT CHILDRENS APRON,3,12/1/2010 12:15,1.95,15983,United Kingdom
HANGING GLASS ETCHED TEALIGHT,6,12/1/2010 12:15,1.65,15983,United Kingdom
HANGING GLASS ETCHED TEALIGHT,6,12/1/2010 12:15,1.65,15983,United Kingdom
BLUE NEW BAROQUE CANDLESTICK CANDLE,10,12/1/2010 12:15,2.95,15983,United Kingdom
COOKING SET RETROSPOT,2,12/1/2010 12:15,9.95,15983,United Kingdom
KINGS CHOICE GIANT TUBE MATCHES,4,12/1/2010 12:15,2.55,15983,United Kingdom
COSY HOUR GIANT TUBE MATCHES,4,12/1/2010 12:15,2.55,15983,United Kingdom
PLACE SETTING WHITE STAR,24,12/1/2010 12:15,0.42,15983,United Kingdom
HYACINTH BULB T-LIGHT CANDLES,16,12/1/2010 12:15,0.42,15983,United Kingdom
S/15 SILVER GLASS BAUBLES IN BAG,24,12/1/2010 12:15,1.25,15983,United Kingdom
FRENCH WC SIGN BLUE METAL,12,12/1/2010 12:22,1.25,14849,United Kingdom
KINGS CHOICE GIANT TUBE MATCHES,12,12/1/2010 12:22,2.55,14849,United Kingdom
72 SWEETHEART FAIRY CAKE CASES,24,12/1/2010 12:22,0.55,14849,United Kingdom
ASSORTED COLOUR BIRD ORNAMENT,24,12/1/2010 12:22,1.69,14849,United Kingdom
FAIRY SOAP SOAP HOLDER,12,12/1/2010 12:22,1.69,14849,United Kingdom
GREEN GIANT GARDEN THERMOMETER,2,12/1/2010 12:22,5.95,14849,United Kingdom
IVORY GIANT GARDEN THERMOMETER,4,12/1/2010 12:22,5.95,14849,United Kingdom
BLUE GIANT GARDEN THERMOMETER,2,12/1/2010 12:22,5.95,14849,United Kingdom
PACK OF 60 PINK PAISLEY CAKE CASES,24,12/1/2010 12:22,0.55,14849,United Kingdom
RETROSPOT HEART HOT WATER BOTTLE,6,12/1/2010 12:22,4.95,14849,United Kingdom
CHICK GREY HOT WATER BOTTLE,8,12/1/2010 12:22,3.45,14849,United Kingdom
VICTORIAN SEWING BOX SMALL ,2,12/1/2010 12:22,5.95,14849,United Kingdom
VICTORIAN SEWING BOX MEDIUM,2,12/1/2010 12:22,7.95,14849,United Kingdom
SET/10 RED POLKADOT PARTY CANDLES,24,12/1/2010 12:22,1.25,14849,United Kingdom
WASHROOM METAL SIGN,12,12/1/2010 12:22,1.45,14849,United Kingdom
BLACK SWEETHEART BRACELET,2,12/1/2010 12:23,4.25,17968,United Kingdom
DIAMANTE HAIR GRIP PACK/2 BLACK DIA,2,12/1/2010 12:23,1.65,17968,United Kingdom
BLACK DIAMANTE EXPANDABLE RING,2,12/1/2010 12:23,4.25,17968,United Kingdom
DIAMANTE HAIR GRIP PACK/2 RUBY,3,12/1/2010 12:23,1.65,17968,United Kingdom
DIAMANTE HAIR GRIP PACK/2 MONTANA,1,12/1/2010 12:23,1.65,17968,United Kingdom
BLUE SWEETHEART BRACELET,1,12/1/2010 12:23,4.25,17968,United Kingdom
PINK SWEETHEART BRACELET,3,12/1/2010 12:23,4.25,17968,United Kingdom
PURPLE SWEETHEART BRACELET,1,12/1/2010 12:23,4.25,17968,United Kingdom
JUMBO BAG PINK POLKADOT,1,12/1/2010 12:23,1.95,17968,United Kingdom
JUMBO BAG RED RETROSPOT,1,12/1/2010 12:23,1.95,17968,United Kingdom
ASSORTED COLOUR BIRD ORNAMENT,8,12/1/2010 12:23,1.69,17968,United Kingdom
PAPER CHAIN KIT 50'S CHRISTMAS ,1,12/1/2010 12:23,2.95,17968,United Kingdom
RIBBON REEL CHRISTMAS PRESENT ,1,12/1/2010 12:23,1.65,17968,United Kingdom
FIRST AID TIN,1,12/1/2010 12:23,3.25,17968,United Kingdom
MAKE YOUR OWN MONSOON CARD KIT,2,12/1/2010 12:23,2.95,17968,United Kingdom
PACK OF 12 HEARTS DESIGN TISSUES ,1,12/1/2010 12:23,0.29,17968,United Kingdom
PACK OF 12 RED RETROSPOT TISSUES ,1,12/1/2010 12:23,0.29,17968,United Kingdom
SOLDIERS EGG CUP ,1,12/1/2010 12:23,1.25,17968,United Kingdom
HEART IVORY TRELLIS SMALL,1,12/1/2010 12:23,1.25,17968,United Kingdom
HEART FILIGREE DOVE  SMALL,1,12/1/2010 12:23,1.25,17968,United Kingdom
HEART FILIGREE DOVE LARGE,1,12/1/2010 12:23,1.65,17968,United Kingdom
PACK 3 BOXES BIRD PANNETONE ,2,12/1/2010 12:23,1.95,17968,United Kingdom
PACK 3 BOXES CHRISTMAS PANNETONE,6,12/1/2010 12:23,1.95,17968,United Kingdom
SMALL POPCORN HOLDER,5,12/1/2010 12:23,0.85,17968,United Kingdom
PACK OF 60 PINK PAISLEY CAKE CASES,1,12/1/2010 12:23,0.55,17968,United Kingdom
SET OF 6 SOLDIER SKITTLES,1,12/1/2010 12:23,3.75,17968,United Kingdom
SWIRLY CIRCULAR RUBBERS IN BAG,1,12/1/2010 12:23,0.42,17968,United Kingdom
VINTAGE PAISLEY STATIONERY SET,1,12/1/2010 12:23,2.95,17968,United Kingdom
PAPER CHAIN KIT VINTAGE CHRISTMAS,1,12/1/2010 12:23,2.95,17968,United Kingdom
SET/10 BLUE POLKADOT PARTY CANDLES,1,12/1/2010 12:23,1.25,17968,United Kingdom
RIBBON REEL SOCKS AND MITTENS,2,12/1/2010 12:23,1.65,17968,United Kingdom
60 CAKE CASES VINTAGE CHRISTMAS,2,12/1/2010 12:23,0.55,17968,United Kingdom
CHRISTMAS METAL TAGS ASSORTED ,6,12/1/2010 12:23,0.85,17968,United Kingdom
CHRISTMAS TREE T-LIGHT HOLDER,2,12/1/2010 12:23,1.45,17968,United Kingdom
STAR  T-LIGHT HOLDER ,4,12/1/2010 12:23,1.45,17968,United Kingdom
HEART T-LIGHT HOLDER ,2,12/1/2010 12:23,1.45,17968,United Kingdom
MINI FUNKY DESIGN TAPES,2,12/1/2010 12:23,0.85,17968,United Kingdom
SET OF 6 T-LIGHTS SNOWMEN,1,12/1/2010 12:23,2.95,17968,United Kingdom
STAR WOODEN CHRISTMAS DECORATION,1,12/1/2010 12:23,0.85,17968,United Kingdom
WOODEN HEART CHRISTMAS SCANDINAVIAN,1,12/1/2010 12:23,0.85,17968,United Kingdom
CHRISTMAS RETROSPOT TREE WOOD,2,12/1/2010 12:23,0.85,17968,United Kingdom
SET OF 6 T-LIGHTS SANTA,1,12/1/2010 12:23,2.95,17968,United Kingdom
SET/9 CHRISTMAS T-LIGHTS SCENTED ,1,12/1/2010 12:23,1.25,17968,United Kingdom
BLUE ROSE FABRIC MIRROR,1,12/1/2010 12:23,1.25,17968,United Kingdom
THREE CANVAS LUGGAGE TAGS,1,12/1/2010 12:23,1.95,17968,United Kingdom
RETROSPOT PARTY BAG + STICKER SET,1,12/1/2010 12:23,1.65,17968,United Kingdom
PLASTERS IN TIN VINTAGE PAISLEY ,1,12/1/2010 12:23,1.65,17968,United Kingdom
RETROSPOT SMALL TUBE MATCHES,1,12/1/2010 12:23,1.65,17968,United Kingdom
HAND WARMER SCOTTY DOG DESIGN,1,12/1/2010 12:23,2.1,17968,United Kingdom
3D CHRISTMAS STAMPS STICKERS ,2,12/1/2010 12:23,1.25,17968,United Kingdom
HAND WARMER SCOTTY DOG DESIGN,1,12/1/2010 12:23,2.1,17968,United Kingdom
HAND WARMER SCOTTY DOG DESIGN,3,12/1/2010 12:23,2.1,17968,United Kingdom
CLOTHES PEGS RETROSPOT PACK 24 ,2,12/1/2010 12:23,1.49,17968,United Kingdom
36 FOIL HEART CAKE CASES,1,12/1/2010 12:23,2.1,17968,United Kingdom
CHRISTMAS METAL TAGS ASSORTED ,6,12/1/2010 12:23,0.85,17968,United Kingdom
PACK OF 6 SWEETIE GIFT BOXES,1,12/1/2010 12:23,2.55,17968,United Kingdom
PACK OF 72 RETROSPOT CAKE CASES,1,12/1/2010 12:23,0.55,17968,United Kingdom
PACK OF 72 RETROSPOT CAKE CASES,2,12/1/2010 12:23,0.55,17968,United Kingdom
PACK OF 6 BIRDY GIFT TAGS,3,12/1/2010 12:23,1.25,17968,United Kingdom
SET/10 RED POLKADOT PARTY CANDLES,1,12/1/2010 12:23,1.25,17968,United Kingdom
SET/10 PINK POLKADOT PARTY CANDLES,1,12/1/2010 12:23,1.25,17968,United Kingdom
SET OF 3 NOTEBOOKS IN PARCEL,1,12/1/2010 12:23,1.65,17968,United Kingdom
STAR  T-LIGHT HOLDER ,1,12/1/2010 12:23,1.45,17968,United Kingdom
CINAMMON SET OF 9 T-LIGHTS,3,12/1/2010 12:23,0.85,17968,United Kingdom
ORANGE SCENTED SET/9 T-LIGHTS,5,12/1/2010 12:23,0.85,17968,United Kingdom
RIBBON REEL STRIPES DESIGN ,5,12/1/2010 12:23,1.65,17968,United Kingdom
SET OF 2 TINS JARDIN DE PROVENCE,2,12/1/2010 12:23,4.95,17968,United Kingdom
MAKE YOUR OWN PLAYTIME CARD KIT,1,12/1/2010 12:23,2.95,17968,United Kingdom
DINOSAURS  WRITING SET ,1,12/1/2010 12:23,1.65,17968,United Kingdom
BALLOONS  WRITING SET ,1,12/1/2010 12:23,1.65,17968,United Kingdom
SKULLS WRITING SET ,1,12/1/2010 12:23,1.65,17968,United Kingdom
VINTAGE PAISLEY STATIONERY SET,1,12/1/2010 12:23,2.95,17968,United Kingdom
COSY SLIPPER SHOES SMALL  RED ,1,12/1/2010 12:23,2.95,17968,United Kingdom
DOORMAT BLACK FLOCK ,1,12/1/2010 12:23,7.95,17968,United Kingdom
JUMBO  BAG BAROQUE BLACK WHITE,1,12/1/2010 12:23,1.95,17968,United Kingdom
JAM MAKING SET WITH JARS,1,12/1/2010 12:23,4.25,17968,United Kingdom
ORANGE SCENTED SET/9 T-LIGHTS,1,12/1/2010 12:23,0.85,17968,United Kingdom
CINAMMON SET OF 9 T-LIGHTS,2,12/1/2010 12:23,0.85,17968,United Kingdom
HAND WARMER SCOTTY DOG DESIGN,1,12/1/2010 12:23,2.1,17968,United Kingdom
CHRISTMAS DECOUPAGE CANDLE,1,12/1/2010 12:23,0.85,17968,United Kingdom
HEART T-LIGHT HOLDER ,8,12/1/2010 12:23,1.45,17968,United Kingdom
GROW YOUR OWN BASIL IN ENAMEL MUG,1,12/1/2010 12:23,2.1,17968,United Kingdom
OFFICE MUG WARMER POLKADOT,1,12/1/2010 12:23,2.95,17968,United Kingdom
SMALL POPCORN HOLDER,6,12/1/2010 12:23,0.85,17968,United Kingdom
JUMBO BAG DOLLY GIRL DESIGN,1,12/1/2010 12:23,1.95,17968,United Kingdom
JAM MAKING SET WITH JARS,6,12/1/2010 12:23,4.25,14849,United Kingdom
JAM MAKING SET PRINTED,12,12/1/2010 12:23,1.45,14849,United Kingdom
SMALL GLASS HEART TRINKET POT,48,12/1/2010 12:27,1.85,16210,United Kingdom
RED WOOLLY HOTTIE WHITE HEART.,24,12/1/2010 12:27,3.39,16210,United Kingdom
BLACK RECORD COVER FRAME,480,12/1/2010 12:27,3.39,16210,United Kingdom
"RECORD FRAME 7"" SINGLE SIZE ",48,12/1/2010 12:27,2.1,16210,United Kingdom
36 PENCILS TUBE RED RETROSPOT,16,12/1/2010 12:27,1.25,16210,United Kingdom
36 PENCILS TUBE WOODLAND,16,12/1/2010 12:27,1.25,16210,United Kingdom
SET OF 6 SOLDIER SKITTLES,4,12/1/2010 12:27,3.75,16210,United Kingdom
ROCKING HORSE RED CHRISTMAS ,96,12/1/2010 12:27,0.72,16210,United Kingdom
CHRISTMAS GINGHAM HEART,144,12/1/2010 12:27,0.72,16210,United Kingdom
CHRISTMAS GINGHAM STAR,144,12/1/2010 12:27,0.72,16210,United Kingdom
HAND WARMER UNION JACK,12,12/1/2010 12:27,2.1,16210,United Kingdom
HAND WARMER RED RETROSPOT,12,12/1/2010 12:27,2.1,16210,United Kingdom
REGENCY CAKESTAND 3 TIER,16,12/1/2010 12:27,10.95,16210,United Kingdom
JUMBO SHOPPER VINTAGE RED PAISLEY,10,12/1/2010 12:27,1.95,16210,United Kingdom
RIBBON REEL SNOWY VILLAGE,5,12/1/2010 12:31,1.65,17897,United Kingdom
VINTAGE UNION JACK BUNTING,1,12/1/2010 12:31,8.5,17897,United Kingdom
JAM MAKING SET WITH JARS,8,12/1/2010 12:31,4.25,17897,United Kingdom
RIBBON REEL STRIPES DESIGN ,5,12/1/2010 12:31,1.65,17897,United Kingdom
RETRO LONGBOARD IRONING BOARD COVER,1,12/1/2010 12:31,3.75,17897,United Kingdom
3D DOG PICTURE PLAYING CARDS,1,12/1/2010 12:31,2.95,17897,United Kingdom
RETROSPOT CIGAR BOX MATCHES ,1,12/1/2010 12:31,1.25,17897,United Kingdom
SET/9 CHRISTMAS T-LIGHTS SCENTED ,2,12/1/2010 12:31,1.25,17897,United Kingdom
ROTATING SILVER ANGELS T-LIGHT HLDR,1,12/1/2010 12:31,2.55,17897,United Kingdom
ROTATING SILVER ANGELS T-LIGHT HLDR,1,12/1/2010 12:31,2.55,17897,United Kingdom
SAVE THE PLANET COTTON TOTE BAG,1,12/1/2010 12:31,2.25,17897,United Kingdom
SET OF 20 VINTAGE CHRISTMAS NAPKINS,1,12/1/2010 12:31,0.85,17897,United Kingdom
PAPER BUNTING WHITE LACE,1,12/1/2010 12:31,2.95,17897,United Kingdom
GENTLEMAN SHIRT REPAIR KIT ,2,12/1/2010 12:31,0.85,17897,United Kingdom
CARD I LOVE LONDON ,12,12/1/2010 12:31,0.42,17897,United Kingdom
PAPER CHAIN KIT VINTAGE CHRISTMAS,1,12/1/2010 12:31,2.95,17897,United Kingdom
MIRRORED WALL ART FOXY,2,12/1/2010 12:31,6.35,17897,United Kingdom
MIRRORED WALL ART GENTS,1,12/1/2010 12:31,2.55,17897,United Kingdom
AIRLINE BAG VINTAGE JET SET WHITE,1,12/1/2010 12:31,4.25,17897,United Kingdom
JAM MAKING SET PRINTED,1,12/1/2010 12:31,1.45,17897,United Kingdom
POTTING SHED SOW 'N' GROW SET,1,12/1/2010 12:31,4.25,17897,United Kingdom
BABUSHKA LIGHTS STRING OF 10,1,12/1/2010 12:31,6.75,17897,United Kingdom
REX CASH+CARRY JUMBO SHOPPER,1,12/1/2010 12:31,0.95,17897,United Kingdom
AIRLINE BAG VINTAGE WORLD CHAMPION ,1,12/1/2010 12:31,4.25,17897,United Kingdom
HAND WARMER BIRD DESIGN,1,12/1/2010 12:31,2.1,17897,United Kingdom
CHRISTMAS CRAFT LITTLE FRIENDS,1,12/1/2010 12:31,2.1,17897,United Kingdom
PINK HEARTS PAPER GARLAND,1,12/1/2010 12:31,1.65,17897,United Kingdom
POTTING SHED SEED ENVELOPES,3,12/1/2010 12:31,1.25,17897,United Kingdom
HI TEC ALPINE HAND WARMER,3,12/1/2010 12:31,1.65,17897,United Kingdom
FELTCRAFT CHRISTMAS FAIRY,1,12/1/2010 12:31,4.25,17897,United Kingdom
HI TEC ALPINE HAND WARMER,1,12/1/2010 12:31,1.65,17897,United Kingdom
ROTATING SILVER ANGELS T-LIGHT HLDR,3,12/1/2010 12:31,2.55,17897,United Kingdom
3 STRIPEY MICE FELTCRAFT,1,12/1/2010 12:31,1.95,17897,United Kingdom
FELTCRAFT 6 FLOWER FRIENDS,2,12/1/2010 12:31,2.1,17897,United Kingdom
CHRISTMAS CRAFT LITTLE FRIENDS,2,12/1/2010 12:31,2.1,17897,United Kingdom
VINTAGE UNION JACK CUSHION COVER,10,12/1/2010 12:35,4.95,17377,United Kingdom
POLYESTER FILLER PAD 45x45cm,10,12/1/2010 12:35,1.55,17377,United Kingdom
DOLLY GIRL LUNCH BOX,2,12/1/2010 12:35,1.95,17377,United Kingdom
PACK OF 12 LONDON TISSUES ,12,12/1/2010 12:35,0.29,17377,United Kingdom
CARD DOLLY GIRL ,12,12/1/2010 12:35,0.42,17377,United Kingdom
CARD BILLBOARD FONT,12,12/1/2010 12:35,0.42,17377,United Kingdom
RAINY LADIES BIRTHDAY CARD,12,12/1/2010 12:35,0.42,17377,United Kingdom
GREY HEART HOT WATER BOTTLE,3,12/1/2010 12:35,3.75,17377,United Kingdom
RED WOOLLY HOTTIE WHITE HEART.,2,12/1/2010 12:35,3.75,17377,United Kingdom
RED WHITE SCARF  HOT WATER BOTTLE,2,12/1/2010 12:35,3.95,17377,United Kingdom
 SET 2 TEA TOWELS I LOVE LONDON ,7,12/1/2010 12:35,2.95,17377,United Kingdom
SET OF 2 TEA TOWELS APPLE AND PEARS,3,12/1/2010 12:35,2.95,17377,United Kingdom
SET/2 RED RETROSPOT TEA TOWELS ,3,12/1/2010 12:35,2.95,17377,United Kingdom
LOVE BUILDING BLOCK WORD,6,12/1/2010 12:35,5.95,17377,United Kingdom
HOME BUILDING BLOCK WORD,6,12/1/2010 12:35,5.95,17377,United Kingdom
ASSORTED COLOUR BIRD ORNAMENT,16,12/1/2010 12:36,1.69,16552,United Kingdom
LANTERN CREAM GAZEBO ,3,12/1/2010 12:36,4.95,16552,United Kingdom
BLUE BIRDHOUSE DECORATION,12,12/1/2010 12:36,0.85,16552,United Kingdom
WHITE HANGING HEART T-LIGHT HOLDER,6,12/1/2010 12:36,2.95,16552,United Kingdom
REGENCY CAKESTAND 3 TIER,2,12/1/2010 12:36,12.75,16552,United Kingdom
ANTIQUE SILVER TEA GLASS ENGRAVED,72,12/1/2010 12:38,1.06,17181,United Kingdom
AGED GLASS SILVER T-LIGHT HOLDER,144,12/1/2010 12:38,0.55,17181,United Kingdom
JAM MAKING SET WITH JARS,-6,12/1/2010 12:38,4.25,17897,United Kingdom
HAND WARMER OWL DESIGN,36,12/1/2010 12:40,2.1,17951,United Kingdom
SET OF 2 WOODEN MARKET CRATES,4,12/1/2010 12:40,12.75,17951,United Kingdom
SET OF 6 T-LIGHTS TOADSTOOLS,6,12/1/2010 12:40,2.95,17951,United Kingdom
HAND WARMER UNION JACK,36,12/1/2010 12:40,2.1,17951,United Kingdom
HAND WARMER SCOTTY DOG DESIGN,36,12/1/2010 12:40,2.1,17951,United Kingdom
CLASSIC FRENCH STYLE BASKET NATURAL,1,12/1/2010 12:43,6.75,14729,United Kingdom
CRAZY DAISY HEART DECORATION,1,12/1/2010 12:43,1.25,14729,United Kingdom
GIN + TONIC DIET METAL SIGN,1,12/1/2010 12:43,2.1,14729,United Kingdom
IVORY GIANT GARDEN THERMOMETER,1,12/1/2010 12:43,5.95,14729,United Kingdom
CARD HOLDER GINGHAM HEART,2,12/1/2010 12:43,2.55,14729,United Kingdom
SMALL STRIPES CHOCOLATE GIFT BAG ,16,12/1/2010 12:43,0.85,14729,United Kingdom
S/6 WOODEN SKITTLES IN COTTON BAG,1,12/1/2010 12:43,2.95,14729,United Kingdom
HAND WARMER RED RETROSPOT,4,12/1/2010 12:43,2.1,14729,United Kingdom
HAND WARMER UNION JACK,3,12/1/2010 12:43,2.1,14729,United Kingdom
FRENCH WC SIGN BLUE METAL,1,12/1/2010 12:43,1.25,14729,United Kingdom
PINK UNION JACK  LUGGAGE TAG,1,12/1/2010 12:43,1.25,14729,United Kingdom
"TRAY, BREAKFAST IN BED",1,12/1/2010 12:43,12.75,14729,United Kingdom
PIZZA PLATE IN BOX,2,12/1/2010 12:43,3.75,14729,United Kingdom
HEART OF WICKER LARGE,1,12/1/2010 12:43,2.95,14729,United Kingdom
PINK HEART DOTS HOT WATER BOTTLE,1,12/1/2010 12:43,3.75,14729,United Kingdom
PLACE SETTING WHITE HEART,14,12/1/2010 12:43,0.42,14729,United Kingdom
SET OF 4 NAPKIN CHARMS LEAVES   ,4,12/1/2010 12:43,2.55,14729,United Kingdom
SET OF 4 NAPKIN CHARMS STARS   ,4,12/1/2010 12:43,2.55,14729,United Kingdom
SET OF 4 NAPKIN CHARMS CUTLERY,3,12/1/2010 12:43,2.55,14729,United Kingdom
CARAVAN SQUARE TISSUE BOX,2,12/1/2010 12:43,1.25,14729,United Kingdom
PLASTERS IN TIN SKULLS,1,12/1/2010 12:43,1.65,14729,United Kingdom
PLASTERS IN TIN SPACEBOY,1,12/1/2010 12:43,1.65,14729,United Kingdom
BUTTON BOX ,1,12/1/2010 12:43,1.95,14729,United Kingdom
PLASTERS IN TIN VINTAGE PAISLEY ,2,12/1/2010 12:43,1.65,14729,United Kingdom
12 MESSAGE CARDS WITH ENVELOPES,6,12/1/2010 12:43,1.65,14729,United Kingdom
SMALL RED BABUSHKA NOTEBOOK ,1,12/1/2010 12:43,0.85,14729,United Kingdom
CUPCAKE LACE PAPER SET 6,5,12/1/2010 12:43,1.95,14729,United Kingdom
PACK 3 BOXES CHRISTMAS PANNETONE,3,12/1/2010 12:43,1.95,14729,United Kingdom
HERB MARKER MINT,2,12/1/2010 12:43,0.65,14729,United Kingdom
HERB MARKER ROSEMARY,1,12/1/2010 12:43,0.65,14729,United Kingdom
HERB MARKER BASIL,3,12/1/2010 12:43,0.65,14729,United Kingdom
HERB MARKER CHIVES ,2,12/1/2010 12:43,0.65,14729,United Kingdom
HERB MARKER PARSLEY,2,12/1/2010 12:43,0.65,14729,United Kingdom
HERB MARKER THYME,1,12/1/2010 12:43,0.65,14729,United Kingdom
WHITE HANGING HEART T-LIGHT HOLDER,3,12/1/2010 12:43,2.95,14729,United Kingdom
METAL MERRY CHRISTMAS WREATH,1,12/1/2010 12:43,1.95,14729,United Kingdom
WHITE CHRISTMAS GARLAND STARS TREES,3,12/1/2010 12:43,3.75,14729,United Kingdom
RETROSPOT SMALL TUBE MATCHES,12,12/1/2010 12:43,1.65,14729,United Kingdom
RETROSPOT GIANT TUBE MATCHES,3,12/1/2010 12:43,2.55,14729,United Kingdom
PLACE SETTING WHITE STAR,12,12/1/2010 12:43,0.42,14729,United Kingdom
GROW YOUR OWN BASIL IN ENAMEL MUG,1,12/1/2010 12:43,2.1,14729,United Kingdom
36 FOIL STAR CAKE CASES ,2,12/1/2010 12:43,2.1,14729,United Kingdom
36 FOIL HEART CAKE CASES,2,12/1/2010 12:43,2.1,14729,United Kingdom
PACK OF 6 SWEETIE GIFT BOXES,2,12/1/2010 12:43,2.55,14729,United Kingdom
PACK OF 6 HANDBAG GIFT BOXES,3,12/1/2010 12:43,2.55,14729,United Kingdom
GARLAND WOODEN HAPPY EASTER,2,12/1/2010 12:43,1.25,14729,United Kingdom
CALENDAR PAPER CUT DESIGN,3,12/1/2010 12:43,2.95,14729,United Kingdom
CALENDAR IN SEASON DESIGN,2,12/1/2010 12:43,2.95,14729,United Kingdom
SMALL POPCORN HOLDER,3,12/1/2010 12:43,0.85,14729,United Kingdom
BLUE PAISLEY TISSUE BOX,1,12/1/2010 12:43,1.25,14729,United Kingdom
HEART OF WICKER SMALL,1,12/1/2010 12:43,1.65,14729,United Kingdom
SKULLS SQUARE TISSUE BOX,1,12/1/2010 12:43,1.25,14729,United Kingdom
PINK PAISLEY SQUARE TISSUE BOX ,1,12/1/2010 12:43,1.25,14729,United Kingdom
PACK OF 6 HANDBAG GIFT BOXES,1,12/1/2010 12:43,2.55,14729,United Kingdom
